session_id,node_count,edge_count,graph_density,max_out_degree,longest_path,unique_event_types,external_edge_count,encoded_command_count,outbound_bytes,suspicious_process_count,suspicious_relationship_count,has_external_path,label
SESSION-00001,3,2,0.3333333333333333,2,1,2,0,0,56091,0,0,0,benign
SESSION-00002,6,5,0.16666666666666666,2,4,3,1,2,683316,3,3,1,attack
SESSION-00003,7,6,0.14285714285714285,2,4,3,1,2,704134,3,3,1,attack
SESSION-00004,3,2,0.3333333333333333,2,1,2,0,0,53833,0,0,0,benign
SESSION-00005,6,5,0.16666666666666666,2,4,3,1,2,808069,3,3,1,attack
SESSION-00006,3,2,0.3333333333333333,1,2,2,1,0,46132,0,0,0,benign
SESSION-00007,4,3,0.25,1,3,2,0,0,0,0,0,0,benign
SESSION-00008,6,5,0.16666666666666666,2,4,3,1,2,528186,3,3,1,benign
SESSION-00009,3,2,0.3333333333333333,1,2,2,1,0,27883,0,0,0,benign
SESSION-00010,4,3,0.25,1,3,2,0,0,0,0,0,0,benign
SESSION-00011,3,2,0.3333333333333333,2,1,2,0,0,44198,0,0,0,benign
SESSION-00012,3,2,0.3333333333333333,1,2,2,1,0,21679,0,0,0,benign
SESSION-00013,3,2,0.3333333333333333,2,1,2,0,0,20164,0,0,0,benign
SESSION-00014,6,5,0.16666666666666666,2,4,3,1,2,740017,3,3,1,attack
SESSION-00015,3,2,0.3333333333333333,1,2,2,1,0,19458,0,0,0,benign
SESSION-00016,3,2,0.3333333333333333,1,2,2,0,0,17465,0,0,0,benign
SESSION-00017,3,2,0.3333333333333333,1,2,2,1,0,6989,0,0,0,benign
SESSION-00018,4,3,0.25,1,3,3,0,0,52079,0,0,0,benign
SESSION-00019,3,2,0.3333333333333333,1,2,2,0,0,0,0,0,0,benign
SESSION-00020,4,3,0.25,2,2,2,0,0,5673,0,0,0,benign
SESSION-00021,6,5,0.16666666666666666,2,4,3,1,2,183550,3,3,1,attack
SESSION-00022,4,3,0.25,2,2,2,0,0,28331,0,0,0,benign
SESSION-00023,3,2,0.3333333333333333,2,1,2,0,0,50607,0,0,0,attack
SESSION-00024,7,6,0.14285714285714285,2,4,3,1,2,672334,3,3,1,attack
SESSION-00025,4,3,0.25,1,3,3,1,0,26004,0,0,0,benign
SESSION-00026,4,3,0.25,2,2,2,0,0,7521,0,0,0,benign
SESSION-00027,4,3,0.25,2,2,2,0,0,46081,0,0,0,benign
SESSION-00028,3,2,0.3333333333333333,1,2,2,0,0,0,0,0,0,benign
SESSION-00029,3,2,0.3333333333333333,1,2,2,0,0,30162,0,0,0,attack
SESSION-00030,6,5,0.16666666666666666,2,4,3,1,2,820133,3,3,1,attack
SESSION-00031,6,5,0.16666666666666666,2,4,3,1,2,96009,3,3,1,attack
SESSION-00032,3,2,0.3333333333333333,1,2,2,0,0,10834,0,0,0,benign
SESSION-00033,7,6,0.14285714285714285,2,4,3,1,2,558960,3,3,1,attack
SESSION-00034,4,3,0.25,1,3,3,0,0,11105,0,0,0,benign
SESSION-00035,3,2,0.3333333333333333,1,2,2,0,0,0,0,0,0,benign
SESSION-00036,3,2,0.3333333333333333,2,1,2,0,0,20569,0,0,0,benign
SESSION-00037,3,2,0.3333333333333333,1,2,2,1,0,6092,0,0,0,benign
SESSION-00038,3,2,0.3333333333333333,1,2,2,1,0,12144,0,0,0,benign
SESSION-00039,6,5,0.16666666666666666,2,4,3,1,2,548817,3,3,1,attack
SESSION-00040,6,5,0.16666666666666666,2,4,3,1,2,378216,3,3,1,benign
SESSION-00041,7,6,0.14285714285714285,2,4,3,1,2,757559,3,3,1,attack
SESSION-00042,3,2,0.3333333333333333,1,2,2,0,0,0,0,0,0,benign
SESSION-00043,4,3,0.25,1,3,3,0,0,40722,0,0,0,benign
SESSION-00044,7,6,0.14285714285714285,2,4,3,1,2,831129,3,3,1,attack
SESSION-00045,3,2,0.3333333333333333,2,1,2,0,0,21979,0,0,0,benign
SESSION-00046,6,5,0.16666666666666666,2,4,3,1,2,822536,3,3,1,attack
SESSION-00047,3,2,0.3333333333333333,1,2,2,0,0,0,0,0,0,attack
SESSION-00048,3,2,0.3333333333333333,1,2,2,1,0,49162,0,0,0,benign
SESSION-00049,3,2,0.3333333333333333,2,1,2,0,0,21903,0,0,0,benign
SESSION-00050,3,2,0.3333333333333333,2,1,2,0,0,7951,0,0,0,benign
SESSION-00051,7,6,0.14285714285714285,2,4,3,1,2,857139,3,3,1,attack
SESSION-00052,4,3,0.25,1,3,2,0,0,0,0,0,0,benign
SESSION-00053,4,3,0.25,1,3,3,1,0,14375,0,0,0,benign
SESSION-00054,4,3,0.25,2,2,2,0,0,33546,0,0,0,benign
SESSION-00055,6,5,0.16666666666666666,2,4,3,1,2,309023,3,3,1,attack
SESSION-00056,6,5,0.16666666666666666,2,4,3,1,2,188094,3,3,1,attack
SESSION-00057,3,2,0.3333333333333333,2,1,2,0,0,52659,0,0,0,benign
SESSION-00058,3,2,0.3333333333333333,2,1,2,0,0,9796,0,0,0,benign
SESSION-00059,3,2,0.3333333333333333,1,2,2,1,0,32780,0,0,0,benign
SESSION-00060,4,3,0.25,2,2,2,0,0,60262,0,0,0,benign
SESSION-00061,4,3,0.25,2,2,2,0,0,8671,0,0,0,benign
SESSION-00062,3,2,0.3333333333333333,1,2,2,1,0,39550,0,0,0,benign
SESSION-00063,4,3,0.25,1,3,3,0,0,51440,0,0,0,benign
SESSION-00064,7,6,0.14285714285714285,2,4,3,1,2,285420,3,3,1,attack
SESSION-00065,3,2,0.3333333333333333,1,2,2,0,0,60793,0,0,0,benign
SESSION-00066,3,2,0.3333333333333333,2,1,2,0,0,60367,0,0,0,benign
SESSION-00067,4,3,0.25,2,2,2,0,0,35454,0,0,0,benign
SESSION-00068,4,3,0.25,1,3,2,0,0,0,0,0,0,benign
SESSION-00069,6,5,0.16666666666666666,2,4,3,1,2,373446,3,3,1,attack
SESSION-00070,4,3,0.25,1,3,3,1,0,59661,0,0,0,benign
SESSION-00071,7,6,0.14285714285714285,2,4,3,1,2,835195,3,3,1,attack
SESSION-00072,4,3,0.25,1,3,3,1,0,13002,0,0,0,attack
SESSION-00073,4,3,0.25,2,2,2,0,0,26798,0,0,0,benign
SESSION-00074,4,3,0.25,1,3,3,0,0,55621,0,0,0,benign
SESSION-00075,6,5,0.16666666666666666,2,4,3,1,2,267017,3,3,1,attack
SESSION-00076,7,6,0.14285714285714285,2,4,3,1,2,284497,3,3,1,benign
SESSION-00077,4,3,0.25,1,3,3,1,0,54507,0,0,0,benign
SESSION-00078,3,2,0.3333333333333333,2,1,2,0,0,55145,0,0,0,benign
SESSION-00079,3,2,0.3333333333333333,2,1,2,0,0,51107,0,0,0,benign
SESSION-00080,3,2,0.3333333333333333,2,1,2,0,0,35772,0,0,0,benign
SESSION-00081,3,2,0.3333333333333333,1,2,2,0,0,26260,0,0,0,benign
SESSION-00082,7,6,0.14285714285714285,2,4,3,1,2,435567,3,3,1,attack
SESSION-00083,7,6,0.14285714285714285,2,4,3,1,2,471859,3,3,1,attack
SESSION-00084,4,3,0.25,1,3,3,1,0,45201,0,0,0,benign
SESSION-00085,4,3,0.25,2,2,2,0,0,32297,0,0,0,benign
SESSION-00086,3,2,0.3333333333333333,2,1,2,0,0,43113,0,0,0,benign
SESSION-00087,3,2,0.3333333333333333,1,2,2,1,0,20153,0,0,0,benign
SESSION-00088,7,6,0.14285714285714285,2,4,3,1,2,492710,3,3,1,attack
SESSION-00089,4,3,0.25,2,2,2,0,0,41177,0,0,0,benign
SESSION-00090,3,2,0.3333333333333333,1,2,2,0,0,62476,0,0,0,benign
SESSION-00091,3,2,0.3333333333333333,2,1,2,0,0,64789,0,0,0,benign
SESSION-00092,7,6,0.14285714285714285,2,4,3,1,2,731994,3,3,1,attack
SESSION-00093,3,2,0.3333333333333333,1,2,2,1,0,37591,0,0,0,benign
SESSION-00094,3,2,0.3333333333333333,1,2,2,0,0,50127,0,0,0,benign
SESSION-00095,4,3,0.25,1,3,3,1,0,60667,0,0,0,benign
SESSION-00096,3,2,0.3333333333333333,2,1,2,0,0,43445,0,0,0,attack
SESSION-00097,3,2,0.3333333333333333,1,2,2,0,0,23019,0,0,0,benign
SESSION-00098,4,3,0.25,1,3,3,0,0,24944,0,0,0,benign
SESSION-00099,7,6,0.14285714285714285,2,4,3,1,2,150732,3,3,1,attack
SESSION-00100,3,2,0.3333333333333333,2,1,2,0,0,13087,0,0,0,benign
SESSION-00101,3,2,0.3333333333333333,2,1,2,0,0,10815,0,0,0,benign
SESSION-00102,4,3,0.25,1,3,2,0,0,0,0,0,0,benign
SESSION-00103,3,2,0.3333333333333333,1,2,2,1,0,9681,0,0,0,benign
SESSION-00104,6,5,0.16666666666666666,2,4,3,1,2,158455,3,3,1,benign
SESSION-00105,7,6,0.14285714285714285,2,4,3,1,2,452540,3,3,1,attack
SESSION-00106,4,3,0.25,1,3,3,0,0,51221,0,0,0,benign
SESSION-00107,3,2,0.3333333333333333,1,2,2,0,0,19886,0,0,0,benign
SESSION-00108,6,5,0.16666666666666666,2,4,3,1,2,99652,3,3,1,attack
SESSION-00109,7,6,0.14285714285714285,2,4,3,1,2,625861,3,3,1,attack
SESSION-00110,7,6,0.14285714285714285,2,4,3,1,2,780564,3,3,1,attack
SESSION-00111,4,3,0.25,1,3,3,0,0,59294,0,0,0,benign
SESSION-00112,6,5,0.16666666666666666,2,4,3,1,2,109653,3,3,1,attack
SESSION-00113,6,5,0.16666666666666666,2,4,3,1,2,280803,3,3,1,attack
SESSION-00114,3,2,0.3333333333333333,1,2,2,1,0,55306,0,0,0,benign
SESSION-00115,7,6,0.14285714285714285,2,4,3,1,2,652459,3,3,1,attack
SESSION-00116,3,2,0.3333333333333333,2,1,2,0,0,41690,0,0,0,benign
SESSION-00117,7,6,0.14285714285714285,2,4,3,1,2,123481,3,3,1,attack
SESSION-00118,4,3,0.25,1,3,3,1,0,49213,0,0,0,benign
SESSION-00119,6,5,0.16666666666666666,2,4,3,1,2,581465,3,3,1,benign
SESSION-00120,4,3,0.25,1,3,2,0,0,0,0,0,0,benign
SESSION-00121,3,2,0.3333333333333333,1,2,2,1,0,36209,0,0,0,benign
SESSION-00122,4,3,0.25,1,3,3,0,0,17642,0,0,0,benign
SESSION-00123,3,2,0.3333333333333333,2,1,2,0,0,18222,0,0,0,benign
SESSION-00124,7,6,0.14285714285714285,2,4,3,1,2,612371,3,3,1,attack
SESSION-00125,4,3,0.25,2,2,2,0,0,10447,0,0,0,benign
SESSION-00126,3,2,0.3333333333333333,1,2,2,0,0,40492,0,0,0,benign
SESSION-00127,3,2,0.3333333333333333,2,1,2,0,0,15710,0,0,0,benign
SESSION-00128,6,5,0.16666666666666666,2,4,3,1,2,324910,3,3,1,benign
SESSION-00129,6,5,0.16666666666666666,2,4,3,1,2,423088,3,3,1,attack
SESSION-00130,4,3,0.25,2,2,2,0,0,43103,0,0,0,benign
SESSION-00131,3,2,0.3333333333333333,1,2,2,1,0,29179,0,0,0,benign
SESSION-00132,3,2,0.3333333333333333,2,1,2,0,0,48412,0,0,0,benign
SESSION-00133,3,2,0.3333333333333333,1,2,2,0,0,34777,0,0,0,benign
SESSION-00134,4,3,0.25,1,3,2,0,0,0,0,0,0,benign
SESSION-00135,7,6,0.14285714285714285,2,4,3,1,2,485196,3,3,1,attack
SESSION-00136,7,6,0.14285714285714285,2,4,3,1,2,479799,3,3,1,attack
SESSION-00137,6,5,0.16666666666666666,2,4,3,1,2,221855,3,3,1,benign
SESSION-00138,3,2,0.3333333333333333,1,2,2,0,0,11677,0,0,0,benign
SESSION-00139,6,5,0.16666666666666666,2,4,3,1,2,491430,3,3,1,attack
SESSION-00140,3,2,0.3333333333333333,2,1,2,0,0,50547,0,0,0,benign
SESSION-00141,4,3,0.25,1,3,3,0,0,23018,0,0,0,benign
SESSION-00142,3,2,0.3333333333333333,1,2,2,1,0,46824,0,0,0,benign
SESSION-00143,3,2,0.3333333333333333,1,2,2,1,0,14630,0,0,0,benign
SESSION-00144,7,6,0.14285714285714285,2,4,3,1,2,768037,3,3,1,attack
SESSION-00145,6,5,0.16666666666666666,2,4,3,1,2,113806,3,3,1,attack
SESSION-00146,6,5,0.16666666666666666,2,4,3,1,2,435698,3,3,1,attack
SESSION-00147,6,5,0.16666666666666666,2,4,3,1,2,237900,3,3,1,attack
SESSION-00148,4,3,0.25,1,3,2,0,0,0,0,0,0,benign
SESSION-00149,6,5,0.16666666666666666,2,4,3,1,2,780379,3,3,1,attack
SESSION-00150,3,2,0.3333333333333333,1,2,2,0,0,40671,0,0,0,benign
SESSION-00151,3,2,0.3333333333333333,1,2,2,1,0,60677,0,0,0,benign
SESSION-00152,3,2,0.3333333333333333,2,1,2,0,0,25301,0,0,0,benign
SESSION-00153,3,2,0.3333333333333333,2,1,2,0,0,26205,0,0,0,benign
SESSION-00154,3,2,0.3333333333333333,1,2,2,0,0,0,0,0,0,benign
SESSION-00155,4,3,0.25,1,3,2,0,0,0,0,0,0,benign
SESSION-00156,3,2,0.3333333333333333,1,2,2,1,0,40301,0,0,0,attack
SESSION-00157,4,3,0.25,2,2,2,0,0,37691,0,0,0,benign
SESSION-00158,3,2,0.3333333333333333,1,2,2,1,0,46949,0,0,0,benign
SESSION-00159,3,2,0.3333333333333333,2,1,2,0,0,43005,0,0,0,benign
SESSION-00160,4,3,0.25,2,2,2,0,0,31026,0,0,0,benign
SESSION-00161,3,2,0.3333333333333333,2,1,2,0,0,42929,0,0,0,benign
SESSION-00162,3,2,0.3333333333333333,2,1,2,0,0,11702,0,0,0,benign
SESSION-00163,4,3,0.25,1,3,2,0,0,0,0,0,0,benign
SESSION-00164,6,5,0.16666666666666666,2,4,3,1,2,869868,3,3,1,attack
SESSION-00165,3,2,0.3333333333333333,2,1,2,0,0,17240,0,0,0,benign
SESSION-00166,6,5,0.16666666666666666,2,4,3,1,2,417492,3,3,1,attack
SESSION-00167,3,2,0.3333333333333333,1,2,2,0,0,0,0,0,0,benign
SESSION-00168,3,2,0.3333333333333333,1,2,2,1,0,60688,0,0,0,attack
SESSION-00169,3,2,0.3333333333333333,1,2,2,0,0,48611,0,0,0,benign
SESSION-00170,6,5,0.16666666666666666,2,4,3,1,2,686333,3,3,1,attack
SESSION-00171,6,5,0.16666666666666666,2,4,3,1,2,860408,3,3,1,benign
SESSION-00172,6,5,0.16666666666666666,2,4,3,1,2,501996,3,3,1,attack
SESSION-00173,4,3,0.25,2,2,2,0,0,55725,0,0,0,benign
SESSION-00174,3,2,0.3333333333333333,1,2,2,0,0,39190,0,0,0,benign
SESSION-00175,7,6,0.14285714285714285,2,4,3,1,2,790400,3,3,1,attack
SESSION-00176,3,2,0.3333333333333333,1,2,2,1,0,28767,0,0,0,benign
SESSION-00177,7,6,0.14285714285714285,2,4,3,1,2,742093,3,3,1,attack
SESSION-00178,3,2,0.3333333333333333,2,1,2,0,0,46155,0,0,0,benign
SESSION-00179,4,3,0.25,1,3,2,0,0,0,0,0,0,benign
SESSION-00180,4,3,0.25,2,2,2,0,0,24104,0,0,0,benign
SESSION-00181,4,3,0.25,1,3,2,0,0,0,0,0,0,benign
SESSION-00182,3,2,0.3333333333333333,2,1,2,0,0,49373,0,0,0,benign
SESSION-00183,7,6,0.14285714285714285,2,4,3,1,2,396784,3,3,1,attack
SESSION-00184,3,2,0.3333333333333333,1,2,2,0,0,0,0,0,0,benign
SESSION-00185,4,3,0.25,1,3,3,1,0,20861,0,0,0,benign
SESSION-00186,4,3,0.25,1,3,2,0,0,0,0,0,0,benign
SESSION-00187,3,2,0.3333333333333333,2,1,2,0,0,38856,0,0,0,benign
SESSION-00188,3,2,0.3333333333333333,1,2,2,0,0,39108,0,0,0,benign
SESSION-00189,3,2,0.3333333333333333,1,2,2,0,0,31627,0,0,0,benign
SESSION-00190,6,5,0.16666666666666666,2,4,3,1,2,231847,3,3,1,attack
SESSION-00191,3,2,0.3333333333333333,1,2,2,1,0,4258,0,0,0,benign
SESSION-00192,4,3,0.25,1,3,3,1,0,17502,0,0,0,attack
SESSION-00193,4,3,0.25,1,3,3,0,0,21691,0,0,0,benign
SESSION-00194,6,5,0.16666666666666666,2,4,3,1,2,717564,3,3,1,attack
SESSION-00195,7,6,0.14285714285714285,2,4,3,1,2,129633,3,3,1,attack
SESSION-00196,6,5,0.16666666666666666,2,4,3,1,2,317794,3,3,1,benign
SESSION-00197,6,5,0.16666666666666666,2,4,3,1,2,171897,3,3,1,attack
SESSION-00198,3,2,0.3333333333333333,2,1,2,0,0,51176,0,0,0,benign
SESSION-00199,6,5,0.16666666666666666,2,4,3,1,2,569920,3,3,1,attack
SESSION-00200,4,3,0.25,1,3,2,0,0,0,0,0,0,benign
SESSION-00201,6,5,0.16666666666666666,2,4,3,1,2,485709,3,3,1,benign
SESSION-00202,3,2,0.3333333333333333,2,1,2,0,0,22098,0,0,0,attack
SESSION-00203,7,6,0.14285714285714285,2,4,3,1,2,193328,3,3,1,attack
SESSION-00204,6,5,0.16666666666666666,2,4,3,1,2,469911,3,3,1,attack
SESSION-00205,4,3,0.25,1,3,2,0,0,0,0,0,0,benign
SESSION-00206,3,2,0.3333333333333333,2,1,2,0,0,12252,0,0,0,benign
SESSION-00207,3,2,0.3333333333333333,1,2,2,0,0,0,0,0,0,benign
SESSION-00208,3,2,0.3333333333333333,2,1,2,0,0,7005,0,0,0,benign
SESSION-00209,3,2,0.3333333333333333,1,2,2,0,0,0,0,0,0,benign
SESSION-00210,7,6,0.14285714285714285,2,4,3,1,2,601283,3,3,1,attack
SESSION-00211,7,6,0.14285714285714285,2,4,3,1,2,340461,3,3,1,attack
SESSION-00212,6,5,0.16666666666666666,2,4,3,1,2,773095,3,3,1,attack
SESSION-00213,4,3,0.25,1,3,3,0,0,11320,0,0,0,benign
SESSION-00214,7,6,0.14285714285714285,2,4,3,1,2,566941,3,3,1,attack
SESSION-00215,4,3,0.25,1,3,2,0,0,0,0,0,0,benign
SESSION-00216,3,2,0.3333333333333333,1,2,2,1,0,26455,0,0,0,benign
SESSION-00217,4,3,0.25,1,3,3,1,0,12420,0,0,0,benign
SESSION-00218,7,6,0.14285714285714285,2,4,3,1,2,589869,3,3,1,attack
SESSION-00219,3,2,0.3333333333333333,1,2,2,1,0,3144,0,0,0,benign
SESSION-00220,6,5,0.16666666666666666,2,4,3,1,2,768005,3,3,1,attack
SESSION-00221,3,2,0.3333333333333333,1,2,2,0,0,0,0,0,0,benign
SESSION-00222,3,2,0.3333333333333333,1,2,2,0,0,0,0,0,0,benign
SESSION-00223,3,2,0.3333333333333333,1,2,2,0,0,61385,0,0,0,benign
SESSION-00224,3,2,0.3333333333333333,1,2,2,1,0,61186,0,0,0,benign
SESSION-00225,3,2,0.3333333333333333,1,2,2,1,0,31534,0,0,0,benign
SESSION-00226,6,5,0.16666666666666666,2,4,3,1,2,202486,3,3,1,attack
SESSION-00227,3,2,0.3333333333333333,1,2,2,0,0,0,0,0,0,benign
SESSION-00228,3,2,0.3333333333333333,2,1,2,0,0,28019,0,0,0,benign
SESSION-00229,4,3,0.25,2,2,2,0,0,61834,0,0,0,benign
SESSION-00230,4,3,0.25,2,2,2,0,0,56255,0,0,0,benign
SESSION-00231,7,6,0.14285714285714285,2,4,3,1,2,734439,3,3,1,attack
SESSION-00232,3,2,0.3333333333333333,2,1,2,0,0,47316,0,0,0,benign
SESSION-00233,3,2,0.3333333333333333,1,2,2,0,0,0,0,0,0,benign
SESSION-00234,3,2,0.3333333333333333,1,2,2,0,0,38274,0,0,0,benign
SESSION-00235,7,6,0.14285714285714285,2,4,3,1,2,847012,3,3,1,attack
SESSION-00236,7,6,0.14285714285714285,2,4,3,1,2,332392,3,3,1,attack
SESSION-00237,3,2,0.3333333333333333,1,2,2,0,0,14486,0,0,0,benign
SESSION-00238,4,3,0.25,1,3,3,1,0,32117,0,0,0,benign
SESSION-00239,4,3,0.25,1,3,2,0,0,0,0,0,0,benign
SESSION-00240,6,5,0.16666666666666666,2,4,3,1,2,153669,3,3,1,attack
SESSION-00241,4,3,0.25,2,2,2,0,0,16743,0,0,0,benign
SESSION-00242,3,2,0.3333333333333333,1,2,2,0,0,0,0,0,0,benign
SESSION-00243,4,3,0.25,1,3,2,0,0,0,0,0,0,benign
SESSION-00244,6,5,0.16666666666666666,2,4,3,1,2,861459,3,3,1,attack
SESSION-00245,6,5,0.16666666666666666,2,4,3,1,2,689228,3,3,1,attack
SESSION-00246,7,6,0.14285714285714285,2,4,3,1,2,585740,3,3,1,attack
SESSION-00247,4,3,0.25,2,2,2,0,0,48313,0,0,0,benign
SESSION-00248,3,2,0.3333333333333333,1,2,2,1,0,49880,0,0,0,benign
SESSION-00249,6,5,0.16666666666666666,2,4,3,1,2,414951,3,3,1,attack
SESSION-00250,6,5,0.16666666666666666,2,4,3,1,2,178937,3,3,1,attack
SESSION-00251,7,6,0.14285714285714285,2,4,3,1,2,130410,3,3,1,attack
SESSION-00252,4,3,0.25,2,2,2,0,0,38181,0,0,0,benign
SESSION-00253,4,3,0.25,2,2,2,0,0,22984,0,0,0,benign
SESSION-00254,3,2,0.3333333333333333,1,2,2,0,0,0,0,0,0,benign
SESSION-00255,3,2,0.3333333333333333,2,1,2,0,0,35373,0,0,0,benign
SESSION-00256,3,2,0.3333333333333333,1,2,2,0,0,0,0,0,0,benign
SESSION-00257,3,2,0.3333333333333333,1,2,2,1,0,11242,0,0,0,benign
SESSION-00258,7,6,0.14285714285714285,2,4,3,1,2,214133,3,3,1,attack
SESSION-00259,6,5,0.16666666666666666,2,4,3,1,2,81362,3,3,1,attack
SESSION-00260,3,2,0.3333333333333333,1,2,2,0,0,0,0,0,0,benign
SESSION-00261,6,5,0.16666666666666666,2,4,3,1,2,196893,3,3,1,attack
SESSION-00262,4,3,0.25,2,2,2,0,0,54210,0,0,0,benign
SESSION-00263,6,5,0.16666666666666666,2,4,3,1,2,834946,3,3,1,attack
SESSION-00264,4,3,0.25,1,3,3,0,0,51999,0,0,0,benign
SESSION-00265,4,3,0.25,1,3,2,0,0,0,0,0,0,benign
SESSION-00266,3,2,0.3333333333333333,1,2,2,0,0,57322,0,0,0,benign
SESSION-00267,6,5,0.16666666666666666,2,4,3,1,2,130891,3,3,1,attack
SESSION-00268,3,2,0.3333333333333333,1,2,2,0,0,22106,0,0,0,benign
SESSION-00269,3,2,0.3333333333333333,1,2,2,0,0,39780,0,0,0,benign
SESSION-00270,3,2,0.3333333333333333,2,1,2,0,0,13165,0,0,0,benign
SESSION-00271,6,5,0.16666666666666666,2,4,3,1,2,890136,3,3,1,benign
SESSION-00272,3,2,0.3333333333333333,2,1,2,0,0,30530,0,0,0,benign
SESSION-00273,3,2,0.3333333333333333,2,1,2,0,0,47013,0,0,0,benign
SESSION-00274,3,2,0.3333333333333333,1,2,2,0,0,0,0,0,0,benign
SESSION-00275,3,2,0.3333333333333333,1,2,2,0,0,0,0,0,0,benign
SESSION-00276,4,3,0.25,2,2,2,0,0,31255,0,0,0,benign
SESSION-00277,6,5,0.16666666666666666,2,4,3,1,2,440841,3,3,1,attack
SESSION-00278,7,6,0.14285714285714285,2,4,3,1,2,807628,3,3,1,benign
SESSION-00279,4,3,0.25,1,3,2,0,0,0,0,0,0,benign
SESSION-00280,4,3,0.25,2,2,2,0,0,19334,0,0,0,benign
SESSION-00281,7,6,0.14285714285714285,2,4,3,1,2,829798,3,3,1,attack
SESSION-00282,3,2,0.3333333333333333,2,1,2,0,0,50453,0,0,0,benign
SESSION-00283,7,6,0.14285714285714285,2,4,3,1,2,861396,3,3,1,attack
SESSION-00284,4,3,0.25,2,2,2,0,0,45181,0,0,0,benign
SESSION-00285,3,2,0.3333333333333333,2,1,2,0,0,40444,0,0,0,benign
SESSION-00286,3,2,0.3333333333333333,1,2,2,0,0,0,0,0,0,benign
SESSION-00287,4,3,0.25,1,3,2,0,0,0,0,0,0,benign
SESSION-00288,6,5,0.16666666666666666,2,4,3,1,2,862651,3,3,1,attack
SESSION-00289,3,2,0.3333333333333333,2,1,2,0,0,64794,0,0,0,benign
SESSION-00290,3,2,0.3333333333333333,1,2,2,0,0,46089,0,0,0,benign
SESSION-00291,6,5,0.16666666666666666,2,4,3,1,2,276985,3,3,1,attack
SESSION-00292,3,2,0.3333333333333333,1,2,2,0,0,53411,0,0,0,benign
SESSION-00293,3,2,0.3333333333333333,1,2,2,1,0,23176,0,0,0,attack
SESSION-00294,4,3,0.25,1,3,3,0,0,50783,0,0,0,benign
SESSION-00295,4,3,0.25,1,3,2,0,0,0,0,0,0,benign
SESSION-00296,3,2,0.3333333333333333,1,2,2,1,0,57297,0,0,0,benign
SESSION-00297,6,5,0.16666666666666666,2,4,3,1,2,844978,3,3,1,attack
SESSION-00298,7,6,0.14285714285714285,2,4,3,1,2,263354,3,3,1,attack
SESSION-00299,3,2,0.3333333333333333,1,2,2,0,0,11810,0,0,0,benign
SESSION-00300,3,2,0.3333333333333333,2,1,2,0,0,52177,0,0,0,benign
SESSION-00301,3,2,0.3333333333333333,1,2,2,0,0,8676,0,0,0,benign
SESSION-00302,3,2,0.3333333333333333,1,2,2,1,0,20709,0,0,0,benign
SESSION-00303,7,6,0.14285714285714285,2,4,3,1,2,458191,3,3,1,attack
SESSION-00304,3,2,0.3333333333333333,2,1,2,0,0,53737,0,0,0,benign
SESSION-00305,3,2,0.3333333333333333,1,2,2,0,0,52487,0,0,0,benign
SESSION-00306,4,3,0.25,2,2,2,0,0,57381,0,0,0,benign
SESSION-00307,7,6,0.14285714285714285,2,4,3,1,2,310068,3,3,1,attack
SESSION-00308,6,5,0.16666666666666666,2,4,3,1,2,135365,3,3,1,attack
SESSION-00309,7,6,0.14285714285714285,2,4,3,1,2,692320,3,3,1,attack
SESSION-00310,6,5,0.16666666666666666,2,4,3,1,2,754964,3,3,1,attack
SESSION-00311,3,2,0.3333333333333333,1,2,2,1,0,7843,0,0,0,benign
SESSION-00312,3,2,0.3333333333333333,1,2,2,0,0,0,0,0,0,benign
SESSION-00313,4,3,0.25,1,3,3,0,0,21477,0,0,0,benign
SESSION-00314,7,6,0.14285714285714285,2,4,3,1,2,381681,3,3,1,attack
SESSION-00315,6,5,0.16666666666666666,2,4,3,1,2,213073,3,3,1,attack
SESSION-00316,3,2,0.3333333333333333,1,2,2,1,0,55783,0,0,0,benign
SESSION-00317,3,2,0.3333333333333333,1,2,2,1,0,13569,0,0,0,benign
SESSION-00318,3,2,0.3333333333333333,2,1,2,0,0,40880,0,0,0,benign
SESSION-00319,6,5,0.16666666666666666,2,4,3,1,2,261054,3,3,1,attack
SESSION-00320,4,3,0.25,1,3,2,0,0,0,0,0,0,benign
SESSION-00321,6,5,0.16666666666666666,2,4,3,1,2,662636,3,3,1,attack
SESSION-00322,6,5,0.16666666666666666,2,4,3,1,2,292029,3,3,1,attack
SESSION-00323,3,2,0.3333333333333333,1,2,2,0,0,49539,0,0,0,benign
SESSION-00324,3,2,0.3333333333333333,1,2,2,0,0,0,0,0,0,benign
SESSION-00325,3,2,0.3333333333333333,1,2,2,1,0,15373,0,0,0,attack
SESSION-00326,3,2,0.3333333333333333,2,1,2,0,0,58086,0,0,0,benign
SESSION-00327,4,3,0.25,2,2,2,0,0,5747,0,0,0,benign
SESSION-00328,4,3,0.25,1,3,2,0,0,0,0,0,0,benign
SESSION-00329,7,6,0.14285714285714285,2,4,3,1,2,637212,3,3,1,attack
SESSION-00330,7,6,0.14285714285714285,2,4,3,1,2,614266,3,3,1,attack
SESSION-00331,7,6,0.14285714285714285,2,4,3,1,2,785431,3,3,1,benign
SESSION-00332,6,5,0.16666666666666666,2,4,3,1,2,423327,3,3,1,attack
SESSION-00333,4,3,0.25,1,3,2,0,0,0,0,0,0,benign
SESSION-00334,6,5,0.16666666666666666,2,4,3,1,2,414006,3,3,1,attack
SESSION-00335,3,2,0.3333333333333333,1,2,2,1,0,45595,0,0,0,benign
SESSION-00336,7,6,0.14285714285714285,2,4,3,1,2,511369,3,3,1,attack
SESSION-00337,4,3,0.25,2,2,2,0,0,52790,0,0,0,benign
SESSION-00338,3,2,0.3333333333333333,2,1,2,0,0,33101,0,0,0,benign
SESSION-00339,4,3,0.25,1,3,3,0,0,38839,0,0,0,benign
SESSION-00340,3,2,0.3333333333333333,2,1,2,0,0,8506,0,0,0,benign
SESSION-00341,3,2,0.3333333333333333,1,2,2,0,0,27746,0,0,0,benign
SESSION-00342,3,2,0.3333333333333333,2,1,2,0,0,60765,0,0,0,benign
SESSION-00343,3,2,0.3333333333333333,2,1,2,0,0,37779,0,0,0,benign
SESSION-00344,4,3,0.25,1,3,2,0,0,0,0,0,0,benign
SESSION-00345,4,3,0.25,1,3,2,0,0,0,0,0,0,benign
SESSION-00346,3,2,0.3333333333333333,2,1,2,0,0,15515,0,0,0,benign
SESSION-00347,3,2,0.3333333333333333,2,1,2,0,0,54087,0,0,0,benign
SESSION-00348,3,2,0.3333333333333333,2,1,2,0,0,5312,0,0,0,benign
SESSION-00349,4,3,0.25,2,2,2,0,0,38475,0,0,0,benign
SESSION-00350,7,6,0.14285714285714285,2,4,3,1,2,829011,3,3,1,attack
SESSION-00351,3,2,0.3333333333333333,2,1,2,0,0,17087,0,0,0,benign
SESSION-00352,7,6,0.14285714285714285,2,4,3,1,2,487062,3,3,1,attack
SESSION-00353,4,3,0.25,2,2,2,0,0,37599,0,0,0,benign
SESSION-00354,6,5,0.16666666666666666,2,4,3,1,2,202802,3,3,1,attack
SESSION-00355,4,3,0.25,2,2,2,0,0,51888,0,0,0,benign
SESSION-00356,4,3,0.25,2,2,2,0,0,38515,0,0,0,benign
SESSION-00357,3,2,0.3333333333333333,1,2,2,0,0,0,0,0,0,benign
SESSION-00358,3,2,0.3333333333333333,2,1,2,0,0,28773,0,0,0,benign
SESSION-00359,3,2,0.3333333333333333,2,1,2,0,0,52069,0,0,0,benign
SESSION-00360,7,6,0.14285714285714285,2,4,3,1,2,679012,3,3,1,attack
SESSION-00361,4,3,0.25,2,2,2,0,0,29317,0,0,0,benign
SESSION-00362,4,3,0.25,1,3,3,0,0,51801,0,0,0,benign
SESSION-00363,4,3,0.25,1,3,3,0,0,60683,0,0,0,benign
SESSION-00364,7,6,0.14285714285714285,2,4,3,1,2,255747,3,3,1,attack
SESSION-00365,3,2,0.3333333333333333,1,2,2,0,0,0,0,0,0,benign
SESSION-00366,6,5,0.16666666666666666,2,4,3,1,2,743355,3,3,1,attack
SESSION-00367,4,3,0.25,1,3,3,1,0,29157,0,0,0,benign
SESSION-00368,4,3,0.25,2,2,2,0,0,62398,0,0,0,benign
SESSION-00369,4,3,0.25,2,2,2,0,0,58888,0,0,0,benign
SESSION-00370,4,3,0.25,2,2,2,0,0,9402,0,0,0,benign
SESSION-00371,3,2,0.3333333333333333,1,2,2,0,0,35698,0,0,0,benign
SESSION-00372,4,3,0.25,1,3,3,0,0,30036,0,0,0,benign
SESSION-00373,4,3,0.25,1,3,3,0,0,13929,0,0,0,benign
SESSION-00374,3,2,0.3333333333333333,1,2,2,0,0,56640,0,0,0,benign
SESSION-00375,3,2,0.3333333333333333,1,2,2,0,0,55055,0,0,0,benign
SESSION-00376,6,5,0.16666666666666666,2,4,3,1,2,326165,3,3,1,attack
SESSION-00377,3,2,0.3333333333333333,2,1,2,0,0,29590,0,0,0,benign
SESSION-00378,3,2,0.3333333333333333,1,2,2,0,0,19635,0,0,0,benign
SESSION-00379,3,2,0.3333333333333333,1,2,2,0,0,0,0,0,0,attack
SESSION-00380,4,3,0.25,2,2,2,0,0,40569,0,0,0,benign
SESSION-00381,7,6,0.14285714285714285,2,4,3,1,2,311773,3,3,1,attack
SESSION-00382,4,3,0.25,2,2,2,0,0,56880,0,0,0,benign
SESSION-00383,7,6,0.14285714285714285,2,4,3,1,2,881298,3,3,1,attack
SESSION-00384,6,5,0.16666666666666666,2,4,3,1,2,378765,3,3,1,attack
SESSION-00385,3,2,0.3333333333333333,2,1,2,0,0,33969,0,0,0,benign
SESSION-00386,4,3,0.25,2,2,2,0,0,10038,0,0,0,benign
SESSION-00387,6,5,0.16666666666666666,2,4,3,1,2,365278,3,3,1,attack
SESSION-00388,4,3,0.25,1,3,3,1,0,36050,0,0,0,benign
SESSION-00389,3,2,0.3333333333333333,1,2,2,1,0,44389,0,0,0,benign
SESSION-00390,6,5,0.16666666666666666,2,4,3,1,2,820178,3,3,1,attack
SESSION-00391,3,2,0.3333333333333333,1,2,2,1,0,39097,0,0,0,attack
SESSION-00392,3,2,0.3333333333333333,2,1,2,0,0,19445,0,0,0,benign
SESSION-00393,3,2,0.3333333333333333,2,1,2,0,0,63318,0,0,0,benign
SESSION-00394,7,6,0.14285714285714285,2,4,3,1,2,134797,3,3,1,attack
SESSION-00395,3,2,0.3333333333333333,2,1,2,0,0,58495,0,0,0,benign
SESSION-00396,6,5,0.16666666666666666,2,4,3,1,2,670110,3,3,1,attack
SESSION-00397,3,2,0.3333333333333333,1,2,2,0,0,14164,0,0,0,benign
SESSION-00398,3,2,0.3333333333333333,2,1,2,0,0,51016,0,0,0,benign
SESSION-00399,3,2,0.3333333333333333,1,2,2,0,0,41633,0,0,0,benign
SESSION-00400,3,2,0.3333333333333333,2,1,2,0,0,35543,0,0,0,benign
SESSION-00401,6,5,0.16666666666666666,2,4,3,1,2,256706,3,3,1,attack
SESSION-00402,4,3,0.25,1,3,3,0,0,19172,0,0,0,benign
SESSION-00403,4,3,0.25,1,3,2,0,0,0,0,0,0,benign
SESSION-00404,3,2,0.3333333333333333,1,2,2,1,0,47842,0,0,0,benign
SESSION-00405,6,5,0.16666666666666666,2,4,3,1,2,703647,3,3,1,attack
SESSION-00406,7,6,0.14285714285714285,2,4,3,1,2,283658,3,3,1,attack
SESSION-00407,4,3,0.25,1,3,2,0,0,0,0,0,0,benign
SESSION-00408,3,2,0.3333333333333333,2,1,2,0,0,49123,0,0,0,benign
SESSION-00409,3,2,0.3333333333333333,1,2,2,0,0,0,0,0,0,benign
SESSION-00410,7,6,0.14285714285714285,2,4,3,1,2,277417,3,3,1,attack
SESSION-00411,7,6,0.14285714285714285,2,4,3,1,2,223243,3,3,1,attack
SESSION-00412,7,6,0.14285714285714285,2,4,3,1,2,337354,3,3,1,attack
SESSION-00413,3,2,0.3333333333333333,2,1,2,0,0,50078,0,0,0,benign
SESSION-00414,3,2,0.3333333333333333,1,2,2,1,0,56631,0,0,0,benign
SESSION-00415,3,2,0.3333333333333333,2,1,2,0,0,59242,0,0,0,benign
SESSION-00416,3,2,0.3333333333333333,1,2,2,0,0,2995,0,0,0,benign
SESSION-00417,3,2,0.3333333333333333,2,1,2,0,0,37794,0,0,0,benign
SESSION-00418,3,2,0.3333333333333333,1,2,2,0,0,16186,0,0,0,benign
SESSION-00419,3,2,0.3333333333333333,1,2,2,0,0,56993,0,0,0,benign
SESSION-00420,3,2,0.3333333333333333,1,2,2,0,0,18889,0,0,0,benign
SESSION-00421,4,3,0.25,2,2,2,0,0,37091,0,0,0,benign
SESSION-00422,6,5,0.16666666666666666,2,4,3,1,2,692310,3,3,1,attack
SESSION-00423,4,3,0.25,1,3,3,1,0,2198,0,0,0,benign
SESSION-00424,7,6,0.14285714285714285,2,4,3,1,2,638690,3,3,1,attack
SESSION-00425,3,2,0.3333333333333333,1,2,2,0,0,0,0,0,0,benign
SESSION-00426,6,5,0.16666666666666666,2,4,3,1,2,635721,3,3,1,attack
SESSION-00427,7,6,0.14285714285714285,2,4,3,1,2,888521,3,3,1,attack
SESSION-00428,3,2,0.3333333333333333,2,1,2,0,0,38465,0,0,0,benign
SESSION-00429,3,2,0.3333333333333333,1,2,2,0,0,0,0,0,0,attack
SESSION-00430,6,5,0.16666666666666666,2,4,3,1,2,251245,3,3,1,benign
SESSION-00431,3,2,0.3333333333333333,1,2,2,0,0,0,0,0,0,benign
SESSION-00432,4,3,0.25,1,3,2,0,0,0,0,0,0,benign
SESSION-00433,3,2,0.3333333333333333,1,2,2,1,0,48686,0,0,0,benign
SESSION-00434,3,2,0.3333333333333333,2,1,2,0,0,12383,0,0,0,benign
SESSION-00435,3,2,0.3333333333333333,2,1,2,0,0,64558,0,0,0,benign
SESSION-00436,7,6,0.14285714285714285,2,4,3,1,2,678448,3,3,1,attack
SESSION-00437,6,5,0.16666666666666666,2,4,3,1,2,275147,3,3,1,attack
SESSION-00438,4,3,0.25,1,3,2,0,0,0,0,0,0,benign
SESSION-00439,6,5,0.16666666666666666,2,4,3,1,2,306025,3,3,1,attack
SESSION-00440,3,2,0.3333333333333333,1,2,2,1,0,27380,0,0,0,benign
SESSION-00441,6,5,0.16666666666666666,2,4,3,1,2,774270,3,3,1,attack
SESSION-00442,3,2,0.3333333333333333,1,2,2,0,0,0,0,0,0,benign
SESSION-00443,3,2,0.3333333333333333,2,1,2,0,0,34950,0,0,0,benign
SESSION-00444,4,3,0.25,1,3,3,1,0,35873,0,0,0,benign
SESSION-00445,3,2,0.3333333333333333,1,2,2,0,0,8674,0,0,0,benign
SESSION-00446,3,2,0.3333333333333333,1,2,2,0,0,64025,0,0,0,benign
SESSION-00447,4,3,0.25,1,3,3,0,0,28687,0,0,0,benign
SESSION-00448,3,2,0.3333333333333333,1,2,2,1,0,33823,0,0,0,benign
SESSION-00449,3,2,0.3333333333333333,2,1,2,0,0,52285,0,0,0,benign
SESSION-00450,4,3,0.25,1,3,2,0,0,0,0,0,0,benign
SESSION-00451,3,2,0.3333333333333333,1,2,2,1,0,47475,0,0,0,benign
SESSION-00452,3,2,0.3333333333333333,1,2,2,0,0,0,0,0,0,benign
SESSION-00453,3,2,0.3333333333333333,1,2,2,0,0,39635,0,0,0,benign
SESSION-00454,7,6,0.14285714285714285,2,4,3,1,2,418147,3,3,1,attack
SESSION-00455,3,2,0.3333333333333333,1,2,2,0,0,20983,0,0,0,benign
SESSION-00456,3,2,0.3333333333333333,1,2,2,0,0,0,0,0,0,benign
SESSION-00457,6,5,0.16666666666666666,2,4,3,1,2,619954,3,3,1,attack
SESSION-00458,4,3,0.25,2,2,2,0,0,5478,0,0,0,benign
SESSION-00459,6,5,0.16666666666666666,2,4,3,1,2,769806,3,3,1,benign
SESSION-00460,7,6,0.14285714285714285,2,4,3,1,2,405077,3,3,1,attack
SESSION-00461,4,3,0.25,1,3,3,0,0,57799,0,0,0,benign
SESSION-00462,4,3,0.25,1,3,3,0,0,17479,0,0,0,benign
SESSION-00463,6,5,0.16666666666666666,2,4,3,1,2,442901,3,3,1,attack
SESSION-00464,3,2,0.3333333333333333,1,2,2,0,0,8478,0,0,0,benign
SESSION-00465,3,2,0.3333333333333333,2,1,2,0,0,3090,0,0,0,benign
SESSION-00466,3,2,0.3333333333333333,2,1,2,0,0,10095,0,0,0,benign
SESSION-00467,4,3,0.25,1,3,3,1,0,54038,0,0,0,benign
SESSION-00468,4,3,0.25,1,3,2,0,0,0,0,0,0,attack
SESSION-00469,7,6,0.14285714285714285,2,4,3,1,2,151909,3,3,1,attack
SESSION-00470,3,2,0.3333333333333333,1,2,2,1,0,7356,0,0,0,benign
SESSION-00471,3,2,0.3333333333333333,1,2,2,0,0,29719,0,0,0,benign
SESSION-00472,4,3,0.25,2,2,2,0,0,12575,0,0,0,benign
SESSION-00473,4,3,0.25,2,2,2,0,0,28581,0,0,0,benign
SESSION-00474,3,2,0.3333333333333333,1,2,2,1,0,62033,0,0,0,benign
SESSION-00475,7,6,0.14285714285714285,2,4,3,1,2,642560,3,3,1,attack
SESSION-00476,7,6,0.14285714285714285,2,4,3,1,2,613401,3,3,1,attack
SESSION-00477,3,2,0.3333333333333333,2,1,2,0,0,23370,0,0,0,benign
SESSION-00478,3,2,0.3333333333333333,2,1,2,0,0,60258,0,0,0,benign
SESSION-00479,3,2,0.3333333333333333,1,2,2,1,0,40391,0,0,0,benign
SESSION-00480,3,2,0.3333333333333333,1,2,2,1,0,64753,0,0,0,benign
SESSION-00481,3,2,0.3333333333333333,1,2,2,0,0,0,0,0,0,benign
SESSION-00482,3,2,0.3333333333333333,2,1,2,0,0,31771,0,0,0,benign
SESSION-00483,3,2,0.3333333333333333,2,1,2,0,0,32984,0,0,0,benign
SESSION-00484,3,2,0.3333333333333333,1,2,2,1,0,6526,0,0,0,benign
SESSION-00485,3,2,0.3333333333333333,1,2,2,0,0,0,0,0,0,benign
SESSION-00486,4,3,0.25,2,2,2,0,0,39105,0,0,0,benign
SESSION-00487,3,2,0.3333333333333333,1,2,2,1,0,42708,0,0,0,attack
SESSION-00488,6,5,0.16666666666666666,2,4,3,1,2,434195,3,3,1,benign
SESSION-00489,6,5,0.16666666666666666,2,4,3,1,2,872777,3,3,1,attack
SESSION-00490,3,2,0.3333333333333333,1,2,2,1,0,21408,0,0,0,benign
SESSION-00491,6,5,0.16666666666666666,2,4,3,1,2,418052,3,3,1,attack
SESSION-00492,4,3,0.25,1,3,2,0,0,0,0,0,0,benign
SESSION-00493,7,6,0.14285714285714285,2,4,3,1,2,899039,3,3,1,attack
SESSION-00494,3,2,0.3333333333333333,1,2,2,1,0,64387,0,0,0,benign
SESSION-00495,4,3,0.25,2,2,2,0,0,60774,0,0,0,benign
SESSION-00496,3,2,0.3333333333333333,1,2,2,0,0,0,0,0,0,benign
SESSION-00497,3,2,0.3333333333333333,1,2,2,0,0,0,0,0,0,benign
SESSION-00498,3,2,0.3333333333333333,1,2,2,1,0,22213,0,0,0,benign
SESSION-00499,3,2,0.3333333333333333,2,1,2,0,0,42110,0,0,0,benign
SESSION-00500,4,3,0.25,2,2,2,0,0,22832,0,0,0,benign
SESSION-00501,7,6,0.14285714285714285,2,4,3,1,2,888024,3,3,1,attack
SESSION-00502,4,3,0.25,2,2,2,0,0,13141,0,0,0,benign
SESSION-00503,7,6,0.14285714285714285,2,4,3,1,2,97347,3,3,1,attack
SESSION-00504,4,3,0.25,2,2,2,0,0,38648,0,0,0,attack
SESSION-00505,3,2,0.3333333333333333,2,1,2,0,0,40213,0,0,0,benign
SESSION-00506,3,2,0.3333333333333333,2,1,2,0,0,52573,0,0,0,benign
SESSION-00507,6,5,0.16666666666666666,2,4,3,1,2,567072,3,3,1,attack
SESSION-00508,6,5,0.16666666666666666,2,4,3,1,2,821201,3,3,1,attack
SESSION-00509,3,2,0.3333333333333333,2,1,2,0,0,62048,0,0,0,benign
SESSION-00510,4,3,0.25,1,3,3,0,0,24658,0,0,0,benign
SESSION-00511,7,6,0.14285714285714285,2,4,3,1,2,475269,3,3,1,attack
SESSION-00512,3,2,0.3333333333333333,1,2,2,0,0,17602,0,0,0,benign
SESSION-00513,3,2,0.3333333333333333,1,2,2,0,0,4888,0,0,0,benign
SESSION-00514,4,3,0.25,1,3,3,1,0,13230,0,0,0,benign
SESSION-00515,3,2,0.3333333333333333,1,2,2,1,0,7241,0,0,0,benign
SESSION-00516,4,3,0.25,1,3,3,1,0,40340,0,0,0,benign
SESSION-00517,3,2,0.3333333333333333,2,1,2,0,0,34084,0,0,0,benign
SESSION-00518,3,2,0.3333333333333333,1,2,2,1,0,16655,0,0,0,benign
SESSION-00519,6,5,0.16666666666666666,2,4,3,1,2,875982,3,3,1,attack
SESSION-00520,4,3,0.25,1,3,3,0,0,38026,0,0,0,benign
SESSION-00521,3,2,0.3333333333333333,1,2,2,0,0,47976,0,0,0,benign
SESSION-00522,3,2,0.3333333333333333,2,1,2,0,0,21669,0,0,0,benign
SESSION-00523,4,3,0.25,2,2,2,0,0,13012,0,0,0,benign
SESSION-00524,4,3,0.25,2,2,2,0,0,48251,0,0,0,benign
SESSION-00525,4,3,0.25,1,3,3,1,0,55658,0,0,0,benign
SESSION-00526,3,2,0.3333333333333333,1,2,2,1,0,18247,0,0,0,benign
SESSION-00527,3,2,0.3333333333333333,2,1,2,0,0,7569,0,0,0,benign
SESSION-00528,3,2,0.3333333333333333,2,1,2,0,0,31944,0,0,0,benign
SESSION-00529,6,5,0.16666666666666666,2,4,3,1,2,100948,3,3,1,attack
SESSION-00530,3,2,0.3333333333333333,2,1,2,0,0,52460,0,0,0,benign
SESSION-00531,6,5,0.16666666666666666,2,4,3,1,2,861439,3,3,1,attack
SESSION-00532,7,6,0.14285714285714285,2,4,3,1,2,233410,3,3,1,attack
SESSION-00533,7,6,0.14285714285714285,2,4,3,1,2,643777,3,3,1,attack
SESSION-00534,4,3,0.25,1,3,2,0,0,0,0,0,0,benign
SESSION-00535,3,2,0.3333333333333333,1,2,2,0,0,0,0,0,0,benign
SESSION-00536,3,2,0.3333333333333333,2,1,2,0,0,17642,0,0,0,attack
SESSION-00537,3,2,0.3333333333333333,1,2,2,1,0,25803,0,0,0,benign
SESSION-00538,7,6,0.14285714285714285,2,4,3,1,2,598588,3,3,1,benign
SESSION-00539,3,2,0.3333333333333333,2,1,2,0,0,8120,0,0,0,benign
SESSION-00540,6,5,0.16666666666666666,2,4,3,1,2,721912,3,3,1,attack
SESSION-00541,6,5,0.16666666666666666,2,4,3,1,2,491380,3,3,1,attack
SESSION-00542,7,6,0.14285714285714285,2,4,3,1,2,598531,3,3,1,benign
SESSION-00543,3,2,0.3333333333333333,1,2,2,0,0,23186,0,0,0,benign
SESSION-00544,7,6,0.14285714285714285,2,4,3,1,2,164381,3,3,1,attack
SESSION-00545,4,3,0.25,2,2,2,0,0,20338,0,0,0,benign
SESSION-00546,7,6,0.14285714285714285,2,4,3,1,2,469399,3,3,1,attack
SESSION-00547,3,2,0.3333333333333333,2,1,2,0,0,28690,0,0,0,benign
SESSION-00548,3,2,0.3333333333333333,2,1,2,0,0,18306,0,0,0,benign
SESSION-00549,3,2,0.3333333333333333,1,2,2,1,0,19607,0,0,0,benign
SESSION-00550,4,3,0.25,2,2,2,0,0,63521,0,0,0,benign
SESSION-00551,7,6,0.14285714285714285,2,4,3,1,2,410633,3,3,1,benign
SESSION-00552,3,2,0.3333333333333333,1,2,2,0,0,0,0,0,0,benign
SESSION-00553,6,5,0.16666666666666666,2,4,3,1,2,408420,3,3,1,attack
SESSION-00554,3,2,0.3333333333333333,1,2,2,0,0,0,0,0,0,benign
SESSION-00555,4,3,0.25,1,3,3,1,0,58705,0,0,0,benign
SESSION-00556,7,6,0.14285714285714285,2,4,3,1,2,533818,3,3,1,attack
SESSION-00557,3,2,0.3333333333333333,1,2,2,1,0,20690,0,0,0,benign
SESSION-00558,3,2,0.3333333333333333,2,1,2,0,0,28199,0,0,0,benign
SESSION-00559,3,2,0.3333333333333333,1,2,2,0,0,9040,0,0,0,benign
SESSION-00560,7,6,0.14285714285714285,2,4,3,1,2,505717,3,3,1,attack
SESSION-00561,4,3,0.25,1,3,2,0,0,0,0,0,0,benign
SESSION-00562,7,6,0.14285714285714285,2,4,3,1,2,112439,3,3,1,attack
SESSION-00563,7,6,0.14285714285714285,2,4,3,1,2,828206,3,3,1,attack
SESSION-00564,4,3,0.25,1,3,2,0,0,0,0,0,0,benign
SESSION-00565,6,5,0.16666666666666666,2,4,3,1,2,319020,3,3,1,attack
SESSION-00566,4,3,0.25,1,3,3,0,0,52327,0,0,0,benign
SESSION-00567,3,2,0.3333333333333333,2,1,2,0,0,48205,0,0,0,benign
SESSION-00568,4,3,0.25,2,2,2,0,0,46999,0,0,0,benign
SESSION-00569,3,2,0.3333333333333333,2,1,2,0,0,60405,0,0,0,benign
SESSION-00570,7,6,0.14285714285714285,2,4,3,1,2,895300,3,3,1,attack
SESSION-00571,3,2,0.3333333333333333,2,1,2,0,0,39951,0,0,0,benign
SESSION-00572,7,6,0.14285714285714285,2,4,3,1,2,882660,3,3,1,attack
SESSION-00573,3,2,0.3333333333333333,2,1,2,0,0,63185,0,0,0,benign
SESSION-00574,3,2,0.3333333333333333,1,2,2,0,0,0,0,0,0,benign
SESSION-00575,3,2,0.3333333333333333,1,2,2,0,0,33658,0,0,0,benign
SESSION-00576,7,6,0.14285714285714285,2,4,3,1,2,120755,3,3,1,attack
SESSION-00577,4,3,0.25,1,3,3,1,0,32448,0,0,0,benign
SESSION-00578,3,2,0.3333333333333333,2,1,2,0,0,33299,0,0,0,benign
SESSION-00579,7,6,0.14285714285714285,2,4,3,1,2,873426,3,3,1,attack
SESSION-00580,3,2,0.3333333333333333,1,2,2,0,0,0,0,0,0,benign
SESSION-00581,6,5,0.16666666666666666,2,4,3,1,2,296028,3,3,1,attack
SESSION-00582,7,6,0.14285714285714285,2,4,3,1,2,228124,3,3,1,attack
SESSION-00583,4,3,0.25,2,2,2,0,0,6398,0,0,0,benign
SESSION-00584,4,3,0.25,1,3,3,0,0,18300,0,0,0,benign
SESSION-00585,4,3,0.25,1,3,3,1,0,32932,0,0,0,benign
SESSION-00586,6,5,0.16666666666666666,2,4,3,1,2,442977,3,3,1,attack
SESSION-00587,4,3,0.25,1,3,3,0,0,60108,0,0,0,benign
SESSION-00588,7,6,0.14285714285714285,2,4,3,1,2,616941,3,3,1,attack
SESSION-00589,4,3,0.25,2,2,2,0,0,48458,0,0,0,benign
SESSION-00590,4,3,0.25,2,2,2,0,0,32090,0,0,0,benign
SESSION-00591,7,6,0.14285714285714285,2,4,3,1,2,658323,3,3,1,attack
SESSION-00592,3,2,0.3333333333333333,1,2,2,0,0,61840,0,0,0,benign
SESSION-00593,3,2,0.3333333333333333,2,1,2,0,0,22170,0,0,0,benign
SESSION-00594,3,2,0.3333333333333333,2,1,2,0,0,5819,0,0,0,benign
SESSION-00595,7,6,0.14285714285714285,2,4,3,1,2,234267,3,3,1,attack
SESSION-00596,3,2,0.3333333333333333,1,2,2,1,0,17402,0,0,0,benign
SESSION-00597,3,2,0.3333333333333333,1,2,2,0,0,0,0,0,0,benign
SESSION-00598,3,2,0.3333333333333333,1,2,2,1,0,59317,0,0,0,benign
SESSION-00599,6,5,0.16666666666666666,2,4,3,1,2,892107,3,3,1,attack
SESSION-00600,4,3,0.25,1,3,3,0,0,29954,0,0,0,benign
SESSION-00601,3,2,0.3333333333333333,2,1,2,0,0,7101,0,0,0,benign
SESSION-00602,3,2,0.3333333333333333,1,2,2,0,0,30115,0,0,0,benign
SESSION-00603,6,5,0.16666666666666666,2,4,3,1,2,698747,3,3,1,benign
SESSION-00604,7,6,0.14285714285714285,2,4,3,1,2,695442,3,3,1,attack
SESSION-00605,6,5,0.16666666666666666,2,4,3,1,2,611686,3,3,1,attack
SESSION-00606,3,2,0.3333333333333333,2,1,2,0,0,57945,0,0,0,attack
SESSION-00607,6,5,0.16666666666666666,2,4,3,1,2,239146,3,3,1,attack
SESSION-00608,4,3,0.25,2,2,2,0,0,40209,0,0,0,benign
SESSION-00609,7,6,0.14285714285714285,2,4,3,1,2,325282,3,3,1,benign
SESSION-00610,3,2,0.3333333333333333,1,2,2,0,0,0,0,0,0,benign
SESSION-00611,3,2,0.3333333333333333,1,2,2,0,0,7820,0,0,0,benign
SESSION-00612,3,2,0.3333333333333333,1,2,2,0,0,0,0,0,0,benign
SESSION-00613,4,3,0.25,1,3,2,0,0,0,0,0,0,benign
SESSION-00614,4,3,0.25,1,3,2,0,0,0,0,0,0,benign
SESSION-00615,4,3,0.25,1,3,3,0,0,59912,0,0,0,benign
SESSION-00616,7,6,0.14285714285714285,2,4,3,1,2,691599,3,3,1,attack
SESSION-00617,3,2,0.3333333333333333,1,2,2,1,0,9705,0,0,0,benign
SESSION-00618,3,2,0.3333333333333333,1,2,2,1,0,11775,0,0,0,benign
SESSION-00619,6,5,0.16666666666666666,2,4,3,1,2,388922,3,3,1,attack
SESSION-00620,4,3,0.25,2,2,2,0,0,37767,0,0,0,benign
SESSION-00621,4,3,0.25,2,2,2,0,0,47856,0,0,0,attack
SESSION-00622,3,2,0.3333333333333333,2,1,2,0,0,56340,0,0,0,benign
SESSION-00623,3,2,0.3333333333333333,2,1,2,0,0,5546,0,0,0,attack
SESSION-00624,6,5,0.16666666666666666,2,4,3,1,2,709696,3,3,1,attack
SESSION-00625,4,3,0.25,2,2,2,0,0,58025,0,0,0,benign
SESSION-00626,6,5,0.16666666666666666,2,4,3,1,2,891055,3,3,1,benign
SESSION-00627,4,3,0.25,2,2,2,0,0,45168,0,0,0,benign
SESSION-00628,3,2,0.3333333333333333,1,2,2,0,0,0,0,0,0,benign
SESSION-00629,3,2,0.3333333333333333,2,1,2,0,0,50244,0,0,0,benign
SESSION-00630,6,5,0.16666666666666666,2,4,3,1,2,285699,3,3,1,attack
SESSION-00631,7,6,0.14285714285714285,2,4,3,1,2,873043,3,3,1,attack
SESSION-00632,3,2,0.3333333333333333,2,1,2,0,0,9151,0,0,0,attack
SESSION-00633,6,5,0.16666666666666666,2,4,3,1,2,118745,3,3,1,benign
SESSION-00634,7,6,0.14285714285714285,2,4,3,1,2,361461,3,3,1,attack
SESSION-00635,6,5,0.16666666666666666,2,4,3,1,2,699981,3,3,1,attack
SESSION-00636,6,5,0.16666666666666666,2,4,3,1,2,493239,3,3,1,attack
SESSION-00637,3,2,0.3333333333333333,1,2,2,1,0,45580,0,0,0,benign
SESSION-00638,4,3,0.25,1,3,3,0,0,35184,0,0,0,benign
SESSION-00639,3,2,0.3333333333333333,2,1,2,0,0,35982,0,0,0,benign
SESSION-00640,4,3,0.25,1,3,3,0,0,59855,0,0,0,benign
SESSION-00641,7,6,0.14285714285714285,2,4,3,1,2,479434,3,3,1,attack
SESSION-00642,3,2,0.3333333333333333,1,2,2,1,0,14472,0,0,0,benign
SESSION-00643,7,6,0.14285714285714285,2,4,3,1,2,841570,3,3,1,attack
SESSION-00644,3,2,0.3333333333333333,1,2,2,0,0,18512,0,0,0,benign
SESSION-00645,3,2,0.3333333333333333,1,2,2,0,0,31506,0,0,0,benign
SESSION-00646,3,2,0.3333333333333333,1,2,2,0,0,0,0,0,0,benign
SESSION-00647,4,3,0.25,1,3,2,0,0,0,0,0,0,benign
SESSION-00648,6,5,0.16666666666666666,2,4,3,1,2,898087,3,3,1,attack
SESSION-00649,6,5,0.16666666666666666,2,4,3,1,2,475281,3,3,1,benign
SESSION-00650,3,2,0.3333333333333333,2,1,2,0,0,41150,0,0,0,benign
SESSION-00651,3,2,0.3333333333333333,1,2,2,0,0,61641,0,0,0,benign
SESSION-00652,6,5,0.16666666666666666,2,4,3,1,2,520756,3,3,1,attack
SESSION-00653,3,2,0.3333333333333333,1,2,2,0,0,0,0,0,0,benign
SESSION-00654,6,5,0.16666666666666666,2,4,3,1,2,154134,3,3,1,attack
SESSION-00655,3,2,0.3333333333333333,1,2,2,0,0,0,0,0,0,benign
SESSION-00656,3,2,0.3333333333333333,1,2,2,0,0,0,0,0,0,benign
SESSION-00657,7,6,0.14285714285714285,2,4,3,1,2,721872,3,3,1,benign
SESSION-00658,4,3,0.25,1,3,3,1,0,26047,0,0,0,benign
SESSION-00659,6,5,0.16666666666666666,2,4,3,1,2,494225,3,3,1,attack
SESSION-00660,4,3,0.25,2,2,2,0,0,52570,0,0,0,benign
SESSION-00661,4,3,0.25,1,3,3,1,0,27334,0,0,0,benign
SESSION-00662,3,2,0.3333333333333333,1,2,2,0,0,34894,0,0,0,benign
SESSION-00663,7,6,0.14285714285714285,2,4,3,1,2,636392,3,3,1,attack
SESSION-00664,4,3,0.25,2,2,2,0,0,33333,0,0,0,benign
SESSION-00665,6,5,0.16666666666666666,2,4,3,1,2,759903,3,3,1,attack
SESSION-00666,3,2,0.3333333333333333,2,1,2,0,0,31143,0,0,0,benign
SESSION-00667,3,2,0.3333333333333333,1,2,2,0,0,16662,0,0,0,attack
SESSION-00668,7,6,0.14285714285714285,2,4,3,1,2,830041,3,3,1,attack
SESSION-00669,7,6,0.14285714285714285,2,4,3,1,2,529863,3,3,1,attack
SESSION-00670,3,2,0.3333333333333333,2,1,2,0,0,11512,0,0,0,benign
SESSION-00671,3,2,0.3333333333333333,1,2,2,0,0,0,0,0,0,benign
SESSION-00672,3,2,0.3333333333333333,1,2,2,0,0,35176,0,0,0,benign
SESSION-00673,4,3,0.25,1,3,3,1,0,11027,0,0,0,benign
SESSION-00674,3,2,0.3333333333333333,1,2,2,0,0,0,0,0,0,benign
SESSION-00675,3,2,0.3333333333333333,1,2,2,1,0,35235,0,0,0,benign
SESSION-00676,4,3,0.25,1,3,3,0,0,22138,0,0,0,benign
SESSION-00677,3,2,0.3333333333333333,1,2,2,1,0,42555,0,0,0,benign
SESSION-00678,7,6,0.14285714285714285,2,4,3,1,2,893820,3,3,1,attack
SESSION-00679,6,5,0.16666666666666666,2,4,3,1,2,100532,3,3,1,benign
SESSION-00680,3,2,0.3333333333333333,1,2,2,0,0,0,0,0,0,benign
SESSION-00681,7,6,0.14285714285714285,2,4,3,1,2,503591,3,3,1,benign
SESSION-00682,3,2,0.3333333333333333,1,2,2,0,0,0,0,0,0,benign
SESSION-00683,3,2,0.3333333333333333,1,2,2,1,0,25319,0,0,0,benign
SESSION-00684,3,2,0.3333333333333333,2,1,2,0,0,60532,0,0,0,benign
SESSION-00685,7,6,0.14285714285714285,2,4,3,1,2,180277,3,3,1,attack
SESSION-00686,4,3,0.25,1,3,3,0,0,30051,0,0,0,attack
SESSION-00687,6,5,0.16666666666666666,2,4,3,1,2,151476,3,3,1,attack
SESSION-00688,4,3,0.25,2,2,2,0,0,56373,0,0,0,benign
SESSION-00689,3,2,0.3333333333333333,1,2,2,1,0,25324,0,0,0,benign
SESSION-00690,3,2,0.3333333333333333,2,1,2,0,0,54699,0,0,0,benign
SESSION-00691,7,6,0.14285714285714285,2,4,3,1,2,627265,3,3,1,benign
SESSION-00692,3,2,0.3333333333333333,1,2,2,0,0,43961,0,0,0,benign
SESSION-00693,3,2,0.3333333333333333,2,1,2,0,0,33048,0,0,0,benign
SESSION-00694,6,5,0.16666666666666666,2,4,3,1,2,325799,3,3,1,attack
SESSION-00695,3,2,0.3333333333333333,1,2,2,1,0,24113,0,0,0,benign
SESSION-00696,6,5,0.16666666666666666,2,4,3,1,2,799531,3,3,1,attack
SESSION-00697,4,3,0.25,1,3,2,0,0,0,0,0,0,benign
SESSION-00698,3,2,0.3333333333333333,1,2,2,0,0,0,0,0,0,attack
SESSION-00699,3,2,0.3333333333333333,1,2,2,0,0,34821,0,0,0,benign
SESSION-00700,4,3,0.25,1,3,2,0,0,0,0,0,0,benign
SESSION-00701,3,2,0.3333333333333333,2,1,2,0,0,64493,0,0,0,benign
SESSION-00702,6,5,0.16666666666666666,2,4,3,1,2,551392,3,3,1,attack
SESSION-00703,3,2,0.3333333333333333,1,2,2,1,0,55319,0,0,0,benign
SESSION-00704,3,2,0.3333333333333333,1,2,2,0,0,0,0,0,0,benign
SESSION-00705,4,3,0.25,1,3,3,0,0,27774,0,0,0,benign
SESSION-00706,7,6,0.14285714285714285,2,4,3,1,2,543682,3,3,1,attack
SESSION-00707,3,2,0.3333333333333333,1,2,2,1,0,32971,0,0,0,benign
SESSION-00708,3,2,0.3333333333333333,1,2,2,0,0,38213,0,0,0,benign
SESSION-00709,3,2,0.3333333333333333,1,2,2,0,0,0,0,0,0,benign
SESSION-00710,3,2,0.3333333333333333,1,2,2,0,0,0,0,0,0,benign
SESSION-00711,3,2,0.3333333333333333,1,2,2,1,0,23506,0,0,0,benign
SESSION-00712,4,3,0.25,1,3,3,1,0,38708,0,0,0,benign
SESSION-00713,4,3,0.25,1,3,3,0,0,44298,0,0,0,benign
SESSION-00714,3,2,0.3333333333333333,1,2,2,0,0,0,0,0,0,benign
SESSION-00715,4,3,0.25,1,3,2,0,0,0,0,0,0,benign
SESSION-00716,6,5,0.16666666666666666,2,4,3,1,2,853852,3,3,1,benign
SESSION-00717,3,2,0.3333333333333333,1,2,2,0,0,0,0,0,0,benign
SESSION-00718,3,2,0.3333333333333333,1,2,2,1,0,31509,0,0,0,benign
SESSION-00719,6,5,0.16666666666666666,2,4,3,1,2,537907,3,3,1,attack
SESSION-00720,7,6,0.14285714285714285,2,4,3,1,2,607099,3,3,1,attack
SESSION-00721,3,2,0.3333333333333333,1,2,2,0,0,0,0,0,0,benign
SESSION-00722,6,5,0.16666666666666666,2,4,3,1,2,492606,3,3,1,attack
SESSION-00723,4,3,0.25,1,3,3,0,0,27851,0,0,0,benign
SESSION-00724,3,2,0.3333333333333333,1,2,2,0,0,0,0,0,0,benign
SESSION-00725,7,6,0.14285714285714285,2,4,3,1,2,192063,3,3,1,benign
SESSION-00726,3,2,0.3333333333333333,2,1,2,0,0,19138,0,0,0,benign
SESSION-00727,6,5,0.16666666666666666,2,4,3,1,2,290653,3,3,1,attack
SESSION-00728,7,6,0.14285714285714285,2,4,3,1,2,659490,3,3,1,attack
SESSION-00729,4,3,0.25,2,2,2,0,0,51313,0,0,0,benign
SESSION-00730,7,6,0.14285714285714285,2,4,3,1,2,891827,3,3,1,attack
SESSION-00731,3,2,0.3333333333333333,1,2,2,1,0,8826,0,0,0,benign
SESSION-00732,3,2,0.3333333333333333,1,2,2,1,0,34046,0,0,0,benign
SESSION-00733,4,3,0.25,1,3,3,0,0,49319,0,0,0,benign
SESSION-00734,3,2,0.3333333333333333,2,1,2,0,0,39252,0,0,0,benign
SESSION-00735,4,3,0.25,2,2,2,0,0,53433,0,0,0,benign
SESSION-00736,3,2,0.3333333333333333,2,1,2,0,0,11713,0,0,0,benign
SESSION-00737,4,3,0.25,1,3,3,1,0,36947,0,0,0,benign
SESSION-00738,3,2,0.3333333333333333,2,1,2,0,0,51595,0,0,0,attack
SESSION-00739,3,2,0.3333333333333333,1,2,2,1,0,49992,0,0,0,benign
SESSION-00740,3,2,0.3333333333333333,1,2,2,0,0,30594,0,0,0,benign
SESSION-00741,6,5,0.16666666666666666,2,4,3,1,2,396039,3,3,1,attack
SESSION-00742,3,2,0.3333333333333333,2,1,2,0,0,41486,0,0,0,benign
SESSION-00743,3,2,0.3333333333333333,1,2,2,0,0,0,0,0,0,benign
SESSION-00744,7,6,0.14285714285714285,2,4,3,1,2,898547,3,3,1,attack
SESSION-00745,7,6,0.14285714285714285,2,4,3,1,2,548590,3,3,1,attack
SESSION-00746,3,2,0.3333333333333333,1,2,2,0,0,14665,0,0,0,attack
SESSION-00747,4,3,0.25,2,2,2,0,0,31998,0,0,0,attack
SESSION-00748,4,3,0.25,2,2,2,0,0,8835,0,0,0,benign
SESSION-00749,6,5,0.16666666666666666,2,4,3,1,2,837116,3,3,1,benign
SESSION-00750,4,3,0.25,1,3,3,1,0,31308,0,0,0,benign
SESSION-00751,3,2,0.3333333333333333,1,2,2,1,0,15983,0,0,0,benign
SESSION-00752,3,2,0.3333333333333333,1,2,2,0,0,45082,0,0,0,benign
SESSION-00753,4,3,0.25,2,2,2,0,0,25417,0,0,0,benign
SESSION-00754,4,3,0.25,2,2,2,0,0,29609,0,0,0,benign
SESSION-00755,7,6,0.14285714285714285,2,4,3,1,2,806502,3,3,1,attack
SESSION-00756,3,2,0.3333333333333333,1,2,2,0,0,0,0,0,0,benign
SESSION-00757,3,2,0.3333333333333333,2,1,2,0,0,22212,0,0,0,benign
SESSION-00758,3,2,0.3333333333333333,2,1,2,0,0,29195,0,0,0,benign
SESSION-00759,4,3,0.25,1,3,3,0,0,35092,0,0,0,benign
SESSION-00760,7,6,0.14285714285714285,2,4,3,1,2,764627,3,3,1,attack
SESSION-00761,3,2,0.3333333333333333,1,2,2,1,0,16141,0,0,0,benign
SESSION-00762,7,6,0.14285714285714285,2,4,3,1,2,109702,3,3,1,benign
SESSION-00763,7,6,0.14285714285714285,2,4,3,1,2,177909,3,3,1,attack
SESSION-00764,7,6,0.14285714285714285,2,4,3,1,2,305147,3,3,1,benign
SESSION-00765,6,5,0.16666666666666666,2,4,3,1,2,333291,3,3,1,attack
SESSION-00766,3,2,0.3333333333333333,1,2,2,0,0,0,0,0,0,attack
SESSION-00767,3,2,0.3333333333333333,1,2,2,1,0,11232,0,0,0,attack
SESSION-00768,4,3,0.25,2,2,2,0,0,64161,0,0,0,benign
SESSION-00769,3,2,0.3333333333333333,2,1,2,0,0,41253,0,0,0,benign
SESSION-00770,3,2,0.3333333333333333,1,2,2,0,0,0,0,0,0,benign
SESSION-00771,4,3,0.25,1,3,3,1,0,20855,0,0,0,benign
SESSION-00772,4,3,0.25,2,2,2,0,0,40595,0,0,0,benign
SESSION-00773,4,3,0.25,1,3,3,0,0,9443,0,0,0,benign
SESSION-00774,7,6,0.14285714285714285,2,4,3,1,2,454122,3,3,1,attack
SESSION-00775,4,3,0.25,2,2,2,0,0,2471,0,0,0,benign
SESSION-00776,6,5,0.16666666666666666,2,4,3,1,2,218811,3,3,1,benign
SESSION-00777,3,2,0.3333333333333333,2,1,2,0,0,23571,0,0,0,benign
SESSION-00778,6,5,0.16666666666666666,2,4,3,1,2,651771,3,3,1,attack
SESSION-00779,4,3,0.25,1,3,3,0,0,22259,0,0,0,benign
SESSION-00780,4,3,0.25,1,3,3,1,0,64157,0,0,0,attack
SESSION-00781,3,2,0.3333333333333333,1,2,2,0,0,19866,0,0,0,benign
SESSION-00782,3,2,0.3333333333333333,1,2,2,1,0,62334,0,0,0,benign
SESSION-00783,6,5,0.16666666666666666,2,4,3,1,2,234064,3,3,1,attack
SESSION-00784,4,3,0.25,1,3,3,1,0,45375,0,0,0,benign
SESSION-00785,6,5,0.16666666666666666,2,4,3,1,2,208760,3,3,1,attack
SESSION-00786,4,3,0.25,1,3,3,0,0,39307,0,0,0,benign
SESSION-00787,3,2,0.3333333333333333,2,1,2,0,0,19858,0,0,0,benign
SESSION-00788,7,6,0.14285714285714285,2,4,3,1,2,243847,3,3,1,attack
SESSION-00789,3,2,0.3333333333333333,1,2,2,0,0,27228,0,0,0,benign
SESSION-00790,3,2,0.3333333333333333,2,1,2,0,0,40555,0,0,0,benign
SESSION-00791,4,3,0.25,2,2,2,0,0,47240,0,0,0,attack
SESSION-00792,4,3,0.25,1,3,3,0,0,62700,0,0,0,attack
SESSION-00793,4,3,0.25,2,2,2,0,0,60467,0,0,0,benign
SESSION-00794,3,2,0.3333333333333333,2,1,2,0,0,5133,0,0,0,benign
SESSION-00795,7,6,0.14285714285714285,2,4,3,1,2,467767,3,3,1,attack
SESSION-00796,3,2,0.3333333333333333,2,1,2,0,0,17425,0,0,0,benign
SESSION-00797,7,6,0.14285714285714285,2,4,3,1,2,618768,3,3,1,attack
SESSION-00798,7,6,0.14285714285714285,2,4,3,1,2,563787,3,3,1,attack
SESSION-00799,4,3,0.25,2,2,2,0,0,45985,0,0,0,benign
SESSION-00800,4,3,0.25,1,3,2,0,0,0,0,0,0,benign
SESSION-00801,6,5,0.16666666666666666,2,4,3,1,2,155079,3,3,1,attack
SESSION-00802,4,3,0.25,1,3,3,1,0,21791,0,0,0,benign
SESSION-00803,7,6,0.14285714285714285,2,4,3,1,2,83745,3,3,1,attack
SESSION-00804,4,3,0.25,1,3,3,0,0,25467,0,0,0,benign
SESSION-00805,3,2,0.3333333333333333,1,2,2,0,0,0,0,0,0,benign
SESSION-00806,7,6,0.14285714285714285,2,4,3,1,2,553079,3,3,1,attack
SESSION-00807,3,2,0.3333333333333333,1,2,2,0,0,30033,0,0,0,benign
SESSION-00808,3,2,0.3333333333333333,2,1,2,0,0,21820,0,0,0,benign
SESSION-00809,7,6,0.14285714285714285,2,4,3,1,2,606871,3,3,1,attack
SESSION-00810,3,2,0.3333333333333333,1,2,2,0,0,40720,0,0,0,benign
SESSION-00811,4,3,0.25,2,2,2,0,0,15580,0,0,0,benign
SESSION-00812,3,2,0.3333333333333333,1,2,2,1,0,17401,0,0,0,benign
SESSION-00813,4,3,0.25,2,2,2,0,0,27811,0,0,0,benign
SESSION-00814,3,2,0.3333333333333333,1,2,2,0,0,0,0,0,0,benign
SESSION-00815,3,2,0.3333333333333333,1,2,2,1,0,8082,0,0,0,benign
SESSION-00816,4,3,0.25,2,2,2,0,0,7508,0,0,0,benign
SESSION-00817,3,2,0.3333333333333333,1,2,2,0,0,17731,0,0,0,attack
SESSION-00818,3,2,0.3333333333333333,1,2,2,0,0,60583,0,0,0,benign
SESSION-00819,3,2,0.3333333333333333,1,2,2,0,0,0,0,0,0,benign
SESSION-00820,3,2,0.3333333333333333,1,2,2,0,0,0,0,0,0,benign
SESSION-00821,4,3,0.25,2,2,2,0,0,22240,0,0,0,attack
SESSION-00822,7,6,0.14285714285714285,2,4,3,1,2,400026,3,3,1,attack
SESSION-00823,3,2,0.3333333333333333,1,2,2,0,0,0,0,0,0,benign
SESSION-00824,3,2,0.3333333333333333,1,2,2,0,0,29656,0,0,0,benign
SESSION-00825,3,2,0.3333333333333333,1,2,2,1,0,25672,0,0,0,benign
SESSION-00826,3,2,0.3333333333333333,1,2,2,0,0,11541,0,0,0,benign
SESSION-00827,7,6,0.14285714285714285,2,4,3,1,2,210784,3,3,1,attack
SESSION-00828,4,3,0.25,1,3,3,0,0,30613,0,0,0,benign
SESSION-00829,6,5,0.16666666666666666,2,4,3,1,2,287499,3,3,1,attack
SESSION-00830,4,3,0.25,1,3,3,1,0,16741,0,0,0,benign
SESSION-00831,6,5,0.16666666666666666,2,4,3,1,2,818906,3,3,1,attack
SESSION-00832,7,6,0.14285714285714285,2,4,3,1,2,138434,3,3,1,benign
SESSION-00833,4,3,0.25,1,3,3,0,0,31364,0,0,0,benign
SESSION-00834,3,2,0.3333333333333333,2,1,2,0,0,4133,0,0,0,benign
SESSION-00835,3,2,0.3333333333333333,1,2,2,0,0,23212,0,0,0,benign
SESSION-00836,4,3,0.25,1,3,3,1,0,26941,0,0,0,benign
SESSION-00837,4,3,0.25,1,3,3,1,0,51310,0,0,0,attack
SESSION-00838,3,2,0.3333333333333333,2,1,2,0,0,61455,0,0,0,benign
SESSION-00839,4,3,0.25,1,3,3,1,0,16597,0,0,0,benign
SESSION-00840,6,5,0.16666666666666666,2,4,3,1,2,158876,3,3,1,attack
SESSION-00841,3,2,0.3333333333333333,2,1,2,0,0,64028,0,0,0,benign
SESSION-00842,7,6,0.14285714285714285,2,4,3,1,2,685259,3,3,1,attack
SESSION-00843,4,3,0.25,1,3,2,0,0,0,0,0,0,benign
SESSION-00844,4,3,0.25,1,3,3,1,0,5634,0,0,0,benign
SESSION-00845,4,3,0.25,1,3,3,1,0,11027,0,0,0,benign
SESSION-00846,3,2,0.3333333333333333,1,2,2,0,0,0,0,0,0,attack
SESSION-00847,4,3,0.25,2,2,2,0,0,18179,0,0,0,benign
SESSION-00848,6,5,0.16666666666666666,2,4,3,1,2,535108,3,3,1,attack
SESSION-00849,3,2,0.3333333333333333,1,2,2,0,0,42911,0,0,0,benign
SESSION-00850,7,6,0.14285714285714285,2,4,3,1,2,271455,3,3,1,benign
SESSION-00851,6,5,0.16666666666666666,2,4,3,1,2,131308,3,3,1,attack
SESSION-00852,3,2,0.3333333333333333,1,2,2,0,0,11225,0,0,0,benign
SESSION-00853,7,6,0.14285714285714285,2,4,3,1,2,750688,3,3,1,benign
SESSION-00854,6,5,0.16666666666666666,2,4,3,1,2,310082,3,3,1,attack
SESSION-00855,3,2,0.3333333333333333,1,2,2,0,0,52893,0,0,0,benign
SESSION-00856,7,6,0.14285714285714285,2,4,3,1,2,363804,3,3,1,attack
SESSION-00857,7,6,0.14285714285714285,2,4,3,1,2,476479,3,3,1,attack
SESSION-00858,7,6,0.14285714285714285,2,4,3,1,2,447789,3,3,1,attack
SESSION-00859,3,2,0.3333333333333333,2,1,2,0,0,43426,0,0,0,benign
SESSION-00860,3,2,0.3333333333333333,2,1,2,0,0,10317,0,0,0,benign
SESSION-00861,3,2,0.3333333333333333,1,2,2,1,0,40581,0,0,0,benign
SESSION-00862,3,2,0.3333333333333333,2,1,2,0,0,28061,0,0,0,benign
SESSION-00863,7,6,0.14285714285714285,2,4,3,1,2,302154,3,3,1,attack
SESSION-00864,4,3,0.25,1,3,3,1,0,4707,0,0,0,benign
SESSION-00865,4,3,0.25,1,3,3,1,0,32056,0,0,0,benign
SESSION-00866,6,5,0.16666666666666666,2,4,3,1,2,882352,3,3,1,attack
SESSION-00867,6,5,0.16666666666666666,2,4,3,1,2,705997,3,3,1,attack
SESSION-00868,3,2,0.3333333333333333,2,1,2,0,0,46359,0,0,0,benign
SESSION-00869,4,3,0.25,1,3,3,1,0,22401,0,0,0,benign
SESSION-00870,7,6,0.14285714285714285,2,4,3,1,2,108172,3,3,1,benign
SESSION-00871,6,5,0.16666666666666666,2,4,3,1,2,306020,3,3,1,attack
SESSION-00872,3,2,0.3333333333333333,1,2,2,1,0,29302,0,0,0,benign
SESSION-00873,3,2,0.3333333333333333,2,1,2,0,0,32968,0,0,0,benign
SESSION-00874,3,2,0.3333333333333333,2,1,2,0,0,33309,0,0,0,benign
SESSION-00875,7,6,0.14285714285714285,2,4,3,1,2,469588,3,3,1,attack
SESSION-00876,4,3,0.25,1,3,2,0,0,0,0,0,0,benign
SESSION-00877,4,3,0.25,2,2,2,0,0,39775,0,0,0,attack
SESSION-00878,3,2,0.3333333333333333,2,1,2,0,0,36401,0,0,0,benign
SESSION-00879,4,3,0.25,1,3,3,1,0,48460,0,0,0,attack
SESSION-00880,7,6,0.14285714285714285,2,4,3,1,2,347946,3,3,1,attack
SESSION-00881,3,2,0.3333333333333333,1,2,2,1,0,36669,0,0,0,benign
SESSION-00882,4,3,0.25,1,3,3,0,0,57905,0,0,0,benign
SESSION-00883,4,3,0.25,2,2,2,0,0,45673,0,0,0,benign
SESSION-00884,3,2,0.3333333333333333,1,2,2,1,0,23036,0,0,0,benign
SESSION-00885,7,6,0.14285714285714285,2,4,3,1,2,510227,3,3,1,attack
SESSION-00886,3,2,0.3333333333333333,1,2,2,1,0,8521,0,0,0,benign
SESSION-00887,3,2,0.3333333333333333,1,2,2,1,0,39146,0,0,0,benign
SESSION-00888,7,6,0.14285714285714285,2,4,3,1,2,510844,3,3,1,benign
SESSION-00889,3,2,0.3333333333333333,1,2,2,1,0,20872,0,0,0,benign
SESSION-00890,3,2,0.3333333333333333,1,2,2,0,0,0,0,0,0,benign
SESSION-00891,3,2,0.3333333333333333,1,2,2,0,0,0,0,0,0,benign
SESSION-00892,3,2,0.3333333333333333,2,1,2,0,0,38942,0,0,0,benign
SESSION-00893,6,5,0.16666666666666666,2,4,3,1,2,649116,3,3,1,attack
SESSION-00894,6,5,0.16666666666666666,2,4,3,1,2,89879,3,3,1,attack
SESSION-00895,6,5,0.16666666666666666,2,4,3,1,2,213806,3,3,1,benign
SESSION-00896,3,2,0.3333333333333333,1,2,2,1,0,20064,0,0,0,benign
SESSION-00897,3,2,0.3333333333333333,2,1,2,0,0,14768,0,0,0,benign
SESSION-00898,4,3,0.25,2,2,2,0,0,29674,0,0,0,benign
SESSION-00899,7,6,0.14285714285714285,2,4,3,1,2,277309,3,3,1,attack
SESSION-00900,4,3,0.25,2,2,2,0,0,55623,0,0,0,benign
SESSION-00901,3,2,0.3333333333333333,1,2,2,1,0,55643,0,0,0,benign
SESSION-00902,3,2,0.3333333333333333,1,2,2,1,0,5143,0,0,0,benign
SESSION-00903,4,3,0.25,2,2,2,0,0,57152,0,0,0,benign
SESSION-00904,4,3,0.25,2,2,2,0,0,36022,0,0,0,benign
SESSION-00905,6,5,0.16666666666666666,2,4,3,1,2,499161,3,3,1,attack
SESSION-00906,6,5,0.16666666666666666,2,4,3,1,2,133083,3,3,1,benign
SESSION-00907,4,3,0.25,2,2,2,0,0,8912,0,0,0,benign
SESSION-00908,3,2,0.3333333333333333,2,1,2,0,0,56961,0,0,0,benign
SESSION-00909,3,2,0.3333333333333333,2,1,2,0,0,13308,0,0,0,benign
SESSION-00910,4,3,0.25,2,2,2,0,0,11518,0,0,0,attack
SESSION-00911,6,5,0.16666666666666666,2,4,3,1,2,540791,3,3,1,benign
SESSION-00912,7,6,0.14285714285714285,2,4,3,1,2,118595,3,3,1,attack
SESSION-00913,3,2,0.3333333333333333,1,2,2,1,0,3303,0,0,0,benign
SESSION-00914,3,2,0.3333333333333333,1,2,2,0,0,4340,0,0,0,benign
SESSION-00915,3,2,0.3333333333333333,1,2,2,0,0,12015,0,0,0,attack
SESSION-00916,3,2,0.3333333333333333,2,1,2,0,0,3940,0,0,0,benign
SESSION-00917,4,3,0.25,1,3,3,1,0,23970,0,0,0,benign
SESSION-00918,4,3,0.25,1,3,3,1,0,6440,0,0,0,benign
SESSION-00919,3,2,0.3333333333333333,1,2,2,0,0,53395,0,0,0,benign
SESSION-00920,3,2,0.3333333333333333,2,1,2,0,0,25627,0,0,0,benign
SESSION-00921,3,2,0.3333333333333333,2,1,2,0,0,12901,0,0,0,benign
SESSION-00922,3,2,0.3333333333333333,2,1,2,0,0,7114,0,0,0,benign
SESSION-00923,3,2,0.3333333333333333,2,1,2,0,0,15776,0,0,0,benign
SESSION-00924,6,5,0.16666666666666666,2,4,3,1,2,634642,3,3,1,attack
SESSION-00925,7,6,0.14285714285714285,2,4,3,1,2,514086,3,3,1,attack
SESSION-00926,3,2,0.3333333333333333,1,2,2,0,0,49127,0,0,0,benign
SESSION-00927,4,3,0.25,1,3,3,0,0,63108,0,0,0,benign
SESSION-00928,3,2,0.3333333333333333,2,1,2,0,0,3869,0,0,0,benign
SESSION-00929,3,2,0.3333333333333333,2,1,2,0,0,31238,0,0,0,benign
SESSION-00930,3,2,0.3333333333333333,1,2,2,0,0,0,0,0,0,benign
SESSION-00931,4,3,0.25,2,2,2,0,0,40394,0,0,0,benign
SESSION-00932,3,2,0.3333333333333333,2,1,2,0,0,34814,0,0,0,benign
SESSION-00933,7,6,0.14285714285714285,2,4,3,1,2,735518,3,3,1,attack
SESSION-00934,6,5,0.16666666666666666,2,4,3,1,2,494890,3,3,1,attack
SESSION-00935,6,5,0.16666666666666666,2,4,3,1,2,882676,3,3,1,benign
SESSION-00936,6,5,0.16666666666666666,2,4,3,1,2,93522,3,3,1,attack
SESSION-00937,7,6,0.14285714285714285,2,4,3,1,2,745932,3,3,1,attack
SESSION-00938,4,3,0.25,1,3,3,1,0,36048,0,0,0,benign
SESSION-00939,3,2,0.3333333333333333,2,1,2,0,0,28572,0,0,0,benign
SESSION-00940,6,5,0.16666666666666666,2,4,3,1,2,473665,3,3,1,attack
SESSION-00941,4,3,0.25,1,3,3,1,0,34711,0,0,0,benign
SESSION-00942,3,2,0.3333333333333333,2,1,2,0,0,60328,0,0,0,benign
SESSION-00943,3,2,0.3333333333333333,1,2,2,0,0,33747,0,0,0,benign
SESSION-00944,6,5,0.16666666666666666,2,4,3,1,2,343271,3,3,1,attack
SESSION-00945,3,2,0.3333333333333333,2,1,2,0,0,16141,0,0,0,benign
SESSION-00946,7,6,0.14285714285714285,2,4,3,1,2,331554,3,3,1,attack
SESSION-00947,4,3,0.25,1,3,3,1,0,53666,0,0,0,benign
SESSION-00948,3,2,0.3333333333333333,1,2,2,1,0,50241,0,0,0,benign
SESSION-00949,3,2,0.3333333333333333,1,2,2,0,0,0,0,0,0,benign
SESSION-00950,4,3,0.25,2,2,2,0,0,48991,0,0,0,benign
SESSION-00951,4,3,0.25,1,3,3,0,0,16482,0,0,0,benign
SESSION-00952,6,5,0.16666666666666666,2,4,3,1,2,740912,3,3,1,attack
SESSION-00953,4,3,0.25,1,3,2,0,0,0,0,0,0,benign
SESSION-00954,7,6,0.14285714285714285,2,4,3,1,2,439419,3,3,1,attack
SESSION-00955,7,6,0.14285714285714285,2,4,3,1,2,490488,3,3,1,benign
SESSION-00956,6,5,0.16666666666666666,2,4,3,1,2,197421,3,3,1,attack
SESSION-00957,3,2,0.3333333333333333,1,2,2,1,0,58086,0,0,0,benign
SESSION-00958,4,3,0.25,1,3,2,0,0,0,0,0,0,benign
SESSION-00959,3,2,0.3333333333333333,1,2,2,1,0,17463,0,0,0,benign
SESSION-00960,3,2,0.3333333333333333,1,2,2,0,0,0,0,0,0,benign
SESSION-00961,4,3,0.25,2,2,2,0,0,42491,0,0,0,benign
SESSION-00962,7,6,0.14285714285714285,2,4,3,1,2,503841,3,3,1,attack
SESSION-00963,4,3,0.25,2,2,2,0,0,37769,0,0,0,benign
SESSION-00964,4,3,0.25,2,2,2,0,0,42651,0,0,0,benign
SESSION-00965,4,3,0.25,1,3,2,0,0,0,0,0,0,benign
SESSION-00966,4,3,0.25,1,3,2,0,0,0,0,0,0,benign
SESSION-00967,4,3,0.25,1,3,2,0,0,0,0,0,0,benign
SESSION-00968,4,3,0.25,1,3,3,0,0,22012,0,0,0,benign
SESSION-00969,7,6,0.14285714285714285,2,4,3,1,2,633068,3,3,1,attack
SESSION-00970,6,5,0.16666666666666666,2,4,3,1,2,801162,3,3,1,attack
SESSION-00971,4,3,0.25,1,3,2,0,0,0,0,0,0,benign
SESSION-00972,6,5,0.16666666666666666,2,4,3,1,2,424244,3,3,1,attack
SESSION-00973,4,3,0.25,1,3,3,0,0,20664,0,0,0,benign
SESSION-00974,3,2,0.3333333333333333,1,2,2,0,0,0,0,0,0,benign
SESSION-00975,3,2,0.3333333333333333,1,2,2,0,0,0,0,0,0,attack
SESSION-00976,7,6,0.14285714285714285,2,4,3,1,2,676683,3,3,1,attack
SESSION-00977,6,5,0.16666666666666666,2,4,3,1,2,479377,3,3,1,attack
SESSION-00978,3,2,0.3333333333333333,1,2,2,0,0,4451,0,0,0,benign
SESSION-00979,7,6,0.14285714285714285,2,4,3,1,2,274925,3,3,1,attack
SESSION-00980,3,2,0.3333333333333333,1,2,2,0,0,32456,0,0,0,attack
SESSION-00981,3,2,0.3333333333333333,1,2,2,1,0,28564,0,0,0,benign
SESSION-00982,7,6,0.14285714285714285,2,4,3,1,2,550725,3,3,1,attack
SESSION-00983,3,2,0.3333333333333333,2,1,2,0,0,48254,0,0,0,benign
SESSION-00984,3,2,0.3333333333333333,2,1,2,0,0,49524,0,0,0,benign
SESSION-00985,3,2,0.3333333333333333,2,1,2,0,0,52513,0,0,0,benign
SESSION-00986,3,2,0.3333333333333333,2,1,2,0,0,34441,0,0,0,benign
SESSION-00987,3,2,0.3333333333333333,1,2,2,0,0,52359,0,0,0,benign
SESSION-00988,6,5,0.16666666666666666,2,4,3,1,2,162575,3,3,1,attack
SESSION-00989,4,3,0.25,1,3,3,0,0,43580,0,0,0,benign
SESSION-00990,3,2,0.3333333333333333,2,1,2,0,0,31925,0,0,0,benign
SESSION-00991,3,2,0.3333333333333333,1,2,2,0,0,31178,0,0,0,benign
SESSION-00992,4,3,0.25,1,3,3,1,0,9041,0,0,0,benign
SESSION-00993,4,3,0.25,1,3,3,0,0,38536,0,0,0,benign
SESSION-00994,3,2,0.3333333333333333,1,2,2,0,0,0,0,0,0,benign
SESSION-00995,4,3,0.25,2,2,2,0,0,18484,0,0,0,benign
SESSION-00996,4,3,0.25,1,3,3,1,0,64255,0,0,0,benign
SESSION-00997,6,5,0.16666666666666666,2,4,3,1,2,738639,3,3,1,attack
SESSION-00998,3,2,0.3333333333333333,1,2,2,1,0,16004,0,0,0,benign
SESSION-00999,3,2,0.3333333333333333,1,2,2,0,0,27245,0,0,0,benign
SESSION-01000,4,3,0.25,1,3,3,0,0,33479,0,0,0,benign
SESSION-01001,3,2,0.3333333333333333,1,2,2,0,0,43625,0,0,0,benign
SESSION-01002,3,2,0.3333333333333333,1,2,2,1,0,24456,0,0,0,benign
SESSION-01003,3,2,0.3333333333333333,2,1,2,0,0,60367,0,0,0,benign
SESSION-01004,7,6,0.14285714285714285,2,4,3,1,2,366183,3,3,1,attack
SESSION-01005,6,5,0.16666666666666666,2,4,3,1,2,177528,3,3,1,attack
SESSION-01006,4,3,0.25,1,3,3,0,0,2968,0,0,0,benign
SESSION-01007,7,6,0.14285714285714285,2,4,3,1,2,304262,3,3,1,attack
SESSION-01008,6,5,0.16666666666666666,2,4,3,1,2,451397,3,3,1,attack
SESSION-01009,4,3,0.25,1,3,3,0,0,61022,0,0,0,benign
SESSION-01010,3,2,0.3333333333333333,2,1,2,0,0,47355,0,0,0,benign
SESSION-01011,3,2,0.3333333333333333,2,1,2,0,0,11157,0,0,0,benign
SESSION-01012,4,3,0.25,1,3,3,0,0,8739,0,0,0,benign
SESSION-01013,4,3,0.25,2,2,2,0,0,20022,0,0,0,benign
SESSION-01014,3,2,0.3333333333333333,1,2,2,0,0,0,0,0,0,benign
SESSION-01015,4,3,0.25,2,2,2,0,0,31621,0,0,0,benign
SESSION-01016,3,2,0.3333333333333333,2,1,2,0,0,4516,0,0,0,benign
SESSION-01017,6,5,0.16666666666666666,2,4,3,1,2,786976,3,3,1,attack
SESSION-01018,3,2,0.3333333333333333,1,2,2,0,0,58020,0,0,0,benign
SESSION-01019,3,2,0.3333333333333333,2,1,2,0,0,6614,0,0,0,benign
SESSION-01020,7,6,0.14285714285714285,2,4,3,1,2,312310,3,3,1,attack
SESSION-01021,3,2,0.3333333333333333,1,2,2,0,0,0,0,0,0,benign
SESSION-01022,4,3,0.25,2,2,2,0,0,3002,0,0,0,benign
SESSION-01023,4,3,0.25,2,2,2,0,0,15891,0,0,0,benign
SESSION-01024,3,2,0.3333333333333333,2,1,2,0,0,12420,0,0,0,benign
SESSION-01025,4,3,0.25,1,3,3,0,0,12292,0,0,0,benign
SESSION-01026,3,2,0.3333333333333333,1,2,2,1,0,15030,0,0,0,benign
SESSION-01027,6,5,0.16666666666666666,2,4,3,1,2,81582,3,3,1,attack
SESSION-01028,3,2,0.3333333333333333,2,1,2,0,0,31208,0,0,0,benign
SESSION-01029,6,5,0.16666666666666666,2,4,3,1,2,150879,3,3,1,attack
SESSION-01030,6,5,0.16666666666666666,2,4,3,1,2,776501,3,3,1,attack
SESSION-01031,3,2,0.3333333333333333,2,1,2,0,0,60251,0,0,0,benign
SESSION-01032,4,3,0.25,2,2,2,0,0,10410,0,0,0,benign
SESSION-01033,6,5,0.16666666666666666,2,4,3,1,2,701850,3,3,1,attack
SESSION-01034,3,2,0.3333333333333333,1,2,2,0,0,8098,0,0,0,benign
SESSION-01035,3,2,0.3333333333333333,2,1,2,0,0,11930,0,0,0,benign
SESSION-01036,4,3,0.25,2,2,2,0,0,36748,0,0,0,benign
SESSION-01037,3,2,0.3333333333333333,1,2,2,0,0,0,0,0,0,benign
SESSION-01038,4,3,0.25,2,2,2,0,0,56611,0,0,0,benign
SESSION-01039,3,2,0.3333333333333333,1,2,2,0,0,0,0,0,0,benign
SESSION-01040,3,2,0.3333333333333333,2,1,2,0,0,7997,0,0,0,benign
SESSION-01041,3,2,0.3333333333333333,2,1,2,0,0,46302,0,0,0,benign
SESSION-01042,6,5,0.16666666666666666,2,4,3,1,2,109540,3,3,1,attack
SESSION-01043,4,3,0.25,1,3,2,0,0,0,0,0,0,benign
SESSION-01044,7,6,0.14285714285714285,2,4,3,1,2,139893,3,3,1,attack
SESSION-01045,3,2,0.3333333333333333,1,2,2,0,0,7741,0,0,0,benign
SESSION-01046,6,5,0.16666666666666666,2,4,3,1,2,354353,3,3,1,attack
SESSION-01047,3,2,0.3333333333333333,2,1,2,0,0,4928,0,0,0,benign
SESSION-01048,4,3,0.25,2,2,2,0,0,5682,0,0,0,benign
SESSION-01049,7,6,0.14285714285714285,2,4,3,1,2,404693,3,3,1,attack
SESSION-01050,4,3,0.25,2,2,2,0,0,33371,0,0,0,benign
SESSION-01051,4,3,0.25,1,3,3,0,0,62092,0,0,0,benign
SESSION-01052,4,3,0.25,2,2,2,0,0,6810,0,0,0,benign
SESSION-01053,6,5,0.16666666666666666,2,4,3,1,2,643439,3,3,1,attack
SESSION-01054,6,5,0.16666666666666666,2,4,3,1,2,484657,3,3,1,attack
SESSION-01055,7,6,0.14285714285714285,2,4,3,1,2,258980,3,3,1,attack
SESSION-01056,3,2,0.3333333333333333,1,2,2,1,0,31670,0,0,0,benign
SESSION-01057,4,3,0.25,2,2,2,0,0,54932,0,0,0,benign
SESSION-01058,3,2,0.3333333333333333,1,2,2,0,0,0,0,0,0,attack
SESSION-01059,3,2,0.3333333333333333,1,2,2,0,0,47114,0,0,0,benign
SESSION-01060,4,3,0.25,1,3,2,0,0,0,0,0,0,benign
SESSION-01061,3,2,0.3333333333333333,2,1,2,0,0,27726,0,0,0,benign
SESSION-01062,6,5,0.16666666666666666,2,4,3,1,2,212494,3,3,1,attack
SESSION-01063,7,6,0.14285714285714285,2,4,3,1,2,287616,3,3,1,attack
SESSION-01064,4,3,0.25,2,2,2,0,0,22426,0,0,0,benign
SESSION-01065,6,5,0.16666666666666666,2,4,3,1,2,671441,3,3,1,attack
SESSION-01066,3,2,0.3333333333333333,2,1,2,0,0,43073,0,0,0,benign
SESSION-01067,3,2,0.3333333333333333,1,2,2,0,0,0,0,0,0,benign
SESSION-01068,3,2,0.3333333333333333,2,1,2,0,0,53153,0,0,0,benign
SESSION-01069,3,2,0.3333333333333333,1,2,2,1,0,35548,0,0,0,benign
SESSION-01070,4,3,0.25,1,3,2,0,0,0,0,0,0,benign
SESSION-01071,4,3,0.25,2,2,2,0,0,18367,0,0,0,benign
SESSION-01072,6,5,0.16666666666666666,2,4,3,1,2,148041,3,3,1,attack
SESSION-01073,3,2,0.3333333333333333,1,2,2,0,0,32925,0,0,0,benign
SESSION-01074,3,2,0.3333333333333333,2,1,2,0,0,21572,0,0,0,benign
SESSION-01075,4,3,0.25,2,2,2,0,0,48640,0,0,0,benign
SESSION-01076,4,3,0.25,1,3,3,0,0,10553,0,0,0,benign
SESSION-01077,3,2,0.3333333333333333,1,2,2,0,0,57580,0,0,0,benign
SESSION-01078,4,3,0.25,1,3,3,1,0,64967,0,0,0,benign
SESSION-01079,4,3,0.25,1,3,3,1,0,29429,0,0,0,benign
SESSION-01080,3,2,0.3333333333333333,2,1,2,0,0,23091,0,0,0,benign
SESSION-01081,3,2,0.3333333333333333,1,2,2,0,0,0,0,0,0,benign
SESSION-01082,4,3,0.25,1,3,3,1,0,6614,0,0,0,benign
SESSION-01083,7,6,0.14285714285714285,2,4,3,1,2,551342,3,3,1,attack
SESSION-01084,6,5,0.16666666666666666,2,4,3,1,2,765455,3,3,1,attack
SESSION-01085,4,3,0.25,2,2,2,0,0,59027,0,0,0,benign
SESSION-01086,3,2,0.3333333333333333,2,1,2,0,0,21267,0,0,0,benign
SESSION-01087,6,5,0.16666666666666666,2,4,3,1,2,121135,3,3,1,attack
SESSION-01088,3,2,0.3333333333333333,1,2,2,0,0,40929,0,0,0,benign
SESSION-01089,3,2,0.3333333333333333,2,1,2,0,0,22043,0,0,0,benign
SESSION-01090,3,2,0.3333333333333333,1,2,2,0,0,0,0,0,0,benign
SESSION-01091,3,2,0.3333333333333333,2,1,2,0,0,57883,0,0,0,benign
SESSION-01092,3,2,0.3333333333333333,1,2,2,1,0,34682,0,0,0,benign
SESSION-01093,3,2,0.3333333333333333,1,2,2,0,0,48061,0,0,0,benign
SESSION-01094,4,3,0.25,1,3,3,1,0,34085,0,0,0,benign
SESSION-01095,3,2,0.3333333333333333,1,2,2,0,0,46684,0,0,0,benign
SESSION-01096,3,2,0.3333333333333333,1,2,2,0,0,4109,0,0,0,benign
SESSION-01097,3,2,0.3333333333333333,1,2,2,1,0,3968,0,0,0,benign
SESSION-01098,3,2,0.3333333333333333,2,1,2,0,0,17749,0,0,0,benign
SESSION-01099,4,3,0.25,1,3,3,0,0,38594,0,0,0,benign
SESSION-01100,4,3,0.25,1,3,3,0,0,30408,0,0,0,benign
SESSION-01101,3,2,0.3333333333333333,2,1,2,0,0,56180,0,0,0,benign
SESSION-01102,3,2,0.3333333333333333,1,2,2,0,0,3222,0,0,0,benign
SESSION-01103,3,2,0.3333333333333333,2,1,2,0,0,62606,0,0,0,benign
SESSION-01104,3,2,0.3333333333333333,1,2,2,0,0,51710,0,0,0,benign
SESSION-01105,3,2,0.3333333333333333,2,1,2,0,0,43201,0,0,0,benign
SESSION-01106,3,2,0.3333333333333333,2,1,2,0,0,46063,0,0,0,benign
SESSION-01107,4,3,0.25,1,3,3,0,0,8560,0,0,0,benign
SESSION-01108,6,5,0.16666666666666666,2,4,3,1,2,273493,3,3,1,attack
SESSION-01109,3,2,0.3333333333333333,1,2,2,1,0,58815,0,0,0,benign
SESSION-01110,7,6,0.14285714285714285,2,4,3,1,2,309432,3,3,1,attack
SESSION-01111,7,6,0.14285714285714285,2,4,3,1,2,137890,3,3,1,attack
SESSION-01112,4,3,0.25,2,2,2,0,0,59686,0,0,0,benign
SESSION-01113,7,6,0.14285714285714285,2,4,3,1,2,695886,3,3,1,attack
SESSION-01114,4,3,0.25,1,3,3,1,0,30309,0,0,0,benign
SESSION-01115,4,3,0.25,1,3,3,1,0,44776,0,0,0,benign
SESSION-01116,4,3,0.25,2,2,2,0,0,13448,0,0,0,benign
SESSION-01117,3,2,0.3333333333333333,2,1,2,0,0,15759,0,0,0,benign
SESSION-01118,4,3,0.25,2,2,2,0,0,37069,0,0,0,benign
SESSION-01119,6,5,0.16666666666666666,2,4,3,1,2,464651,3,3,1,benign
SESSION-01120,7,6,0.14285714285714285,2,4,3,1,2,680501,3,3,1,attack
SESSION-01121,3,2,0.3333333333333333,1,2,2,0,0,43284,0,0,0,benign
SESSION-01122,3,2,0.3333333333333333,2,1,2,0,0,34053,0,0,0,benign
SESSION-01123,7,6,0.14285714285714285,2,4,3,1,2,335374,3,3,1,attack
SESSION-01124,4,3,0.25,1,3,3,1,0,19671,0,0,0,benign
SESSION-01125,4,3,0.25,1,3,3,1,0,44582,0,0,0,benign
SESSION-01126,3,2,0.3333333333333333,1,2,2,1,0,60404,0,0,0,benign
SESSION-01127,3,2,0.3333333333333333,1,2,2,0,0,0,0,0,0,benign
SESSION-01128,3,2,0.3333333333333333,1,2,2,0,0,0,0,0,0,benign
SESSION-01129,3,2,0.3333333333333333,2,1,2,0,0,33945,0,0,0,benign
SESSION-01130,4,3,0.25,2,2,2,0,0,7843,0,0,0,benign
SESSION-01131,4,3,0.25,1,3,2,0,0,0,0,0,0,benign
SESSION-01132,6,5,0.16666666666666666,2,4,3,1,2,881162,3,3,1,benign
SESSION-01133,7,6,0.14285714285714285,2,4,3,1,2,371398,3,3,1,attack
SESSION-01134,3,2,0.3333333333333333,2,1,2,0,0,64639,0,0,0,benign
SESSION-01135,3,2,0.3333333333333333,1,2,2,1,0,6720,0,0,0,attack
SESSION-01136,3,2,0.3333333333333333,1,2,2,0,0,0,0,0,0,benign
SESSION-01137,3,2,0.3333333333333333,2,1,2,0,0,53660,0,0,0,benign
SESSION-01138,4,3,0.25,2,2,2,0,0,47796,0,0,0,benign
SESSION-01139,3,2,0.3333333333333333,1,2,2,1,0,50648,0,0,0,benign
SESSION-01140,3,2,0.3333333333333333,2,1,2,0,0,16661,0,0,0,benign
SESSION-01141,6,5,0.16666666666666666,2,4,3,1,2,292043,3,3,1,attack
SESSION-01142,3,2,0.3333333333333333,1,2,2,0,0,27008,0,0,0,benign
SESSION-01143,4,3,0.25,1,3,3,0,0,5711,0,0,0,benign
SESSION-01144,6,5,0.16666666666666666,2,4,3,1,2,94649,3,3,1,benign
SESSION-01145,4,3,0.25,1,3,3,0,0,42756,0,0,0,benign
SESSION-01146,4,3,0.25,2,2,2,0,0,44768,0,0,0,benign
SESSION-01147,6,5,0.16666666666666666,2,4,3,1,2,137655,3,3,1,attack
SESSION-01148,4,3,0.25,1,3,3,0,0,37818,0,0,0,attack
SESSION-01149,3,2,0.3333333333333333,2,1,2,0,0,50260,0,0,0,benign
SESSION-01150,4,3,0.25,2,2,2,0,0,13522,0,0,0,benign
SESSION-01151,6,5,0.16666666666666666,2,4,3,1,2,483929,3,3,1,benign
SESSION-01152,3,2,0.3333333333333333,2,1,2,0,0,46075,0,0,0,benign
SESSION-01153,6,5,0.16666666666666666,2,4,3,1,2,478649,3,3,1,attack
SESSION-01154,3,2,0.3333333333333333,2,1,2,0,0,9442,0,0,0,benign
SESSION-01155,4,3,0.25,1,3,3,0,0,29213,0,0,0,benign
SESSION-01156,6,5,0.16666666666666666,2,4,3,1,2,148668,3,3,1,attack
SESSION-01157,7,6,0.14285714285714285,2,4,3,1,2,215819,3,3,1,attack
SESSION-01158,7,6,0.14285714285714285,2,4,3,1,2,866290,3,3,1,benign
SESSION-01159,6,5,0.16666666666666666,2,4,3,1,2,508037,3,3,1,attack
SESSION-01160,3,2,0.3333333333333333,2,1,2,0,0,11717,0,0,0,benign
SESSION-01161,3,2,0.3333333333333333,1,2,2,1,0,49898,0,0,0,benign
SESSION-01162,4,3,0.25,2,2,2,0,0,29663,0,0,0,benign
SESSION-01163,3,2,0.3333333333333333,2,1,2,0,0,51033,0,0,0,benign
SESSION-01164,6,5,0.16666666666666666,2,4,3,1,2,569604,3,3,1,benign
SESSION-01165,3,2,0.3333333333333333,1,2,2,0,0,0,0,0,0,benign
SESSION-01166,4,3,0.25,2,2,2,0,0,25390,0,0,0,benign
SESSION-01167,3,2,0.3333333333333333,1,2,2,0,0,18192,0,0,0,benign
SESSION-01168,6,5,0.16666666666666666,2,4,3,1,2,317746,3,3,1,benign
SESSION-01169,4,3,0.25,1,3,3,1,0,34417,0,0,0,benign
SESSION-01170,4,3,0.25,1,3,3,0,0,36237,0,0,0,benign
SESSION-01171,3,2,0.3333333333333333,1,2,2,1,0,62581,0,0,0,attack
SESSION-01172,3,2,0.3333333333333333,1,2,2,0,0,0,0,0,0,benign
SESSION-01173,4,3,0.25,1,3,2,0,0,0,0,0,0,benign
SESSION-01174,7,6,0.14285714285714285,2,4,3,1,2,273757,3,3,1,benign
SESSION-01175,3,2,0.3333333333333333,2,1,2,0,0,8907,0,0,0,benign
SESSION-01176,4,3,0.25,1,3,2,0,0,0,0,0,0,benign
SESSION-01177,3,2,0.3333333333333333,2,1,2,0,0,40094,0,0,0,benign
SESSION-01178,3,2,0.3333333333333333,1,2,2,0,0,44857,0,0,0,benign
SESSION-01179,7,6,0.14285714285714285,2,4,3,1,2,202161,3,3,1,attack
SESSION-01180,4,3,0.25,1,3,2,0,0,0,0,0,0,benign
SESSION-01181,6,5,0.16666666666666666,2,4,3,1,2,874870,3,3,1,attack
SESSION-01182,4,3,0.25,1,3,3,1,0,59053,0,0,0,benign
SESSION-01183,6,5,0.16666666666666666,2,4,3,1,2,848460,3,3,1,benign
SESSION-01184,3,2,0.3333333333333333,2,1,2,0,0,42729,0,0,0,benign
SESSION-01185,4,3,0.25,2,2,2,0,0,56728,0,0,0,benign
SESSION-01186,4,3,0.25,1,3,3,0,0,22623,0,0,0,benign
SESSION-01187,6,5,0.16666666666666666,2,4,3,1,2,716181,3,3,1,attack
SESSION-01188,4,3,0.25,1,3,3,0,0,8754,0,0,0,benign
SESSION-01189,3,2,0.3333333333333333,1,2,2,1,0,33116,0,0,0,benign
SESSION-01190,6,5,0.16666666666666666,2,4,3,1,2,631970,3,3,1,benign
SESSION-01191,3,2,0.3333333333333333,2,1,2,0,0,30910,0,0,0,benign
SESSION-01192,7,6,0.14285714285714285,2,4,3,1,2,405928,3,3,1,attack
SESSION-01193,4,3,0.25,2,2,2,0,0,57277,0,0,0,benign
SESSION-01194,7,6,0.14285714285714285,2,4,3,1,2,609838,3,3,1,attack
SESSION-01195,3,2,0.3333333333333333,2,1,2,0,0,48217,0,0,0,benign
SESSION-01196,3,2,0.3333333333333333,1,2,2,1,0,27872,0,0,0,benign
SESSION-01197,3,2,0.3333333333333333,1,2,2,0,0,54916,0,0,0,benign
SESSION-01198,3,2,0.3333333333333333,1,2,2,0,0,0,0,0,0,benign
SESSION-01199,3,2,0.3333333333333333,1,2,2,1,0,7673,0,0,0,benign
SESSION-01200,4,3,0.25,1,3,3,1,0,25064,0,0,0,benign
